This is pdfTeX, Version 3.141592653-2.6-1.40.25 (TeX Live 2023/Debian) (preloaded format=pdflatex 2025.11.6)  6 NOV 2025 11:04
entering extended mode
 restricted \write18 enabled.
 %&-line parsing enabled.
**refman
(./refman.tex
LaTeX2e <2023-11-01> patch level 1
L3 programming layer <2024-01-22>
(/usr/share/texlive/texmf-dist/tex/latex/base/book.cls
Document Class: book 2023/05/17 v1.4n Standard LaTeX document class
(/usr/share/texlive/texmf-dist/tex/latex/base/bk10.clo
File: bk10.clo 2023/05/17 v1.4n Standard LaTeX file (size option)
)
\c@part=\count187
\c@chapter=\count188
\c@section=\count189
\c@subsection=\count190
\c@subsubsection=\count191
\c@paragraph=\count192
\c@subparagraph=\count193
\c@figure=\count194
\c@table=\count195
\abovecaptionskip=\skip48
\belowcaptionskip=\skip49
\bibindent=\dimen140
)
(/usr/share/texlive/texmf-dist/tex/latex/base/ifthen.sty
Package: ifthen 2022/04/13 v1.1d Standard LaTeX ifthen package (DPC)
)
(/usr/share/texlive/texmf-dist/tex/latex/tools/array.sty
Rollback for package 'array' requested -> date 2016-10-06.
         Best approximation is the release introduced on 2016-10-06.

(/usr/share/texlive/texmf-dist/tex/latex/tools/array-2016-10-06.sty
Package: array 2016/10/06 v2.4d Tabular extension package (FMi)
\col@sep=\dimen141
\extrarowheight=\dimen142
\NC@list=\toks17
\extratabsurround=\skip50
\backup@length=\skip51
))
(/usr/share/texlive/texmf-dist/tex/generic/infwarerr/infwarerr.sty
package info suppressed
)
(./doxygen.sty
Package: doxygen 
 (/usr/share/texlive/texmf-dist/tex/latex/base/alltt.sty
Package: alltt 2021/01/29 v2.0g defines alltt environment
)
(/usr/share/texlive/texmf-dist/tex/latex/tools/calc.sty
Package: calc 2023/07/08 v4.3 Infix arithmetic (KKT,FJ)
\calc@Acount=\count196
\calc@Bcount=\count197
\calc@Adimen=\dimen143
\calc@Bdimen=\dimen144
\calc@Askip=\skip52
\calc@Bskip=\skip53
LaTeX Info: Redefining \setlength on input line 80.
LaTeX Info: Redefining \addtolength on input line 81.
\calc@Ccount=\count198
\calc@Cskip=\skip54
)
(/usr/share/texlive/texmf-dist/tex/latex/float/float.sty
Package: float 2001/11/08 v1.3d Float enhancements (AL)
\c@float@type=\count199
\float@exts=\toks18
\float@box=\box51
\@float@everytoks=\toks19
\@floatcapt=\box52
)
(/usr/share/texlive/texmf-dist/tex/latex/tools/verbatim.sty
Package: verbatim 2023-11-06 v1.5v LaTeX2e package for verbatim enhancements
\every@verbatim=\toks20
\verbatim@line=\toks21
\verbatim@in@stream=\read2
)
(/usr/share/texlive/texmf-dist/tex/latex/xcolor/xcolor.sty
Package: xcolor 2023/11/15 v3.01 LaTeX color extensions (UK)

(/usr/share/texlive/texmf-dist/tex/latex/graphics-cfg/color.cfg
File: color.cfg 2016/01/02 v1.6 sample color configuration
)
Package xcolor Info: Driver file: pdftex.def on input line 274.

(/usr/share/texlive/texmf-dist/tex/latex/graphics-def/pdftex.def
File: pdftex.def 2022/09/22 v1.2b Graphics/color driver for pdftex
)
(/usr/share/texlive/texmf-dist/tex/latex/graphics/mathcolor.ltx)
Package xcolor Info: Model `cmy' substituted by `cmy0' on input line 1350.
Package xcolor Info: Model `hsb' substituted by `rgb' on input line 1354.
Package xcolor Info: Model `RGB' extended on input line 1366.
Package xcolor Info: Model `HTML' substituted by `rgb' on input line 1368.
Package xcolor Info: Model `Hsb' substituted by `hsb' on input line 1369.
Package xcolor Info: Model `tHsb' substituted by `hsb' on input line 1370.
Package xcolor Info: Model `HSB' substituted by `hsb' on input line 1371.
Package xcolor Info: Model `Gray' substituted by `gray' on input line 1372.
Package xcolor Info: Model `wave' substituted by `hsb' on input line 1373.
)
(/usr/share/texlive/texmf-dist/tex/latex/colortbl/colortbl.sty
Package: colortbl 2022/06/20 v1.0f Color table columns (DPC)
\everycr=\toks22
\minrowclearance=\skip55
\rownum=\count266
)
(./longtable_doxygen.sty
Package: longtable_doxygen 2014/10/28 v4.11 Multi-page Table package (DPC) - fr
ozen version for doxygen
\LTleft=\skip56
\LTright=\skip57
\LTpre=\skip58
\LTpost=\skip59
\LTchunksize=\count267
\LTcapwidth=\dimen145
\LT@head=\box53
\LT@firsthead=\box54
\LT@foot=\box55
\LT@lastfoot=\box56
\LT@cols=\count268
\LT@rows=\count269
\c@LT@tables=\count270
\c@LT@chunks=\count271
\LT@p@ftn=\toks23
) (./tabu_doxygen.sty
Package: tabu_doxygen 2011/02/26 v2.8 - flexible LaTeX tabulars (FC), frozen ve
rsion for doxygen

(/usr/share/texlive/texmf-dist/tex/latex/varwidth/varwidth.sty
Package: varwidth 2009/03/30 ver 0.92;  Variable-width minipages
\@vwid@box=\box57
\sift@deathcycles=\count272
\@vwid@loff=\dimen146
\@vwid@roff=\dimen147
)
\c@taburow=\count273
\tabu@nbcols=\count274
\tabu@cnt=\count275
\tabu@Xcol=\count276
\tabu@alloc=\count277
\tabu@nested=\count278
\tabu@target=\dimen148
\tabu@spreadtarget=\dimen149
\tabu@naturalX=\dimen150
\tabucolX=\dimen151
\tabu@Xsum=\dimen152
\extrarowdepth=\dimen153
\abovetabulinesep=\dimen154
\belowtabulinesep=\dimen155
\tabustrutrule=\dimen156
\tabu@thebody=\toks24
\tabu@footnotes=\toks25
\tabu@box=\box58
\tabu@arstrutbox=\box59
\tabu@hleads=\box60
\tabu@vleads=\box61
\tabu@cellskip=\skip60
)
(/usr/share/texlive/texmf-dist/tex/latex/fancyvrb/fancyvrb.sty
Package: fancyvrb 2024/01/20 4.5c verbatim text (tvz,hv)

(/usr/share/texlive/texmf-dist/tex/latex/graphics/keyval.sty
Package: keyval 2022/05/29 v1.15 key=value parser (DPC)
\KV@toks@=\toks26
)
\FV@CodeLineNo=\count279
\FV@InFile=\read3
\FV@TabBox=\box62
\c@FancyVerbLine=\count280
\FV@StepNumber=\count281
\FV@OutFile=\write3
)
(/usr/share/texlive/texmf-dist/tex/latex/tools/tabularx.sty
Package: tabularx 2023/07/08 v2.11c `tabularx' package (DPC)
\TX@col@width=\dimen157
\TX@old@table=\dimen158
\TX@old@col=\dimen159
\TX@target=\dimen160
\TX@delta=\dimen161
\TX@cols=\count282
\TX@ftn=\toks27
)
(/usr/share/texlive/texmf-dist/tex/latex/tools/multicol.sty
Package: multicol 2023/03/30 v1.9f multicolumn formatting (FMi)
\c@tracingmulticols=\count283
\mult@box=\box63
\multicol@leftmargin=\dimen162
\c@unbalance=\count284
\c@collectmore=\count285
\doublecol@number=\count286
\multicoltolerance=\count287
\multicolpretolerance=\count288
\full@width=\dimen163
\page@free=\dimen164
\premulticols=\dimen165
\postmulticols=\dimen166
\multicolsep=\skip61
\multicolbaselineskip=\skip62
\partial@page=\box64
\last@line=\box65
\mc@boxedresult=\box66
\maxbalancingoverflow=\dimen167
\mult@rightbox=\box67
\mult@grightbox=\box68
\mult@firstbox=\box69
\mult@gfirstbox=\box70
\@tempa=\box71
\@tempa=\box72
\@tempa=\box73
\@tempa=\box74
\@tempa=\box75
\@tempa=\box76
\@tempa=\box77
\@tempa=\box78
\@tempa=\box79
\@tempa=\box80
\@tempa=\box81
\@tempa=\box82
\@tempa=\box83
\@tempa=\box84
\@tempa=\box85
\@tempa=\box86
\@tempa=\box87
\@tempa=\box88
\@tempa=\box89
\@tempa=\box90
\@tempa=\box91
\@tempa=\box92
\@tempa=\box93
\@tempa=\box94
\@tempa=\box95
\@tempa=\box96
\@tempa=\box97
\@tempa=\box98
\@tempa=\box99
\@tempa=\box100
\@tempa=\box101
\@tempa=\box102
\@tempa=\box103
\@tempa=\box104
\@tempa=\box105
\@tempa=\box106
\c@minrows=\count289
\c@columnbadness=\count290
\c@finalcolumnbadness=\count291
\last@try=\dimen168
\multicolovershoot=\dimen169
\multicolundershoot=\dimen170
\mult@nat@firstbox=\box107
\colbreak@box=\box108
\mc@col@check@num=\count292
)
(/usr/share/texlive/texmf-dist/tex/latex/multirow/multirow.sty
Package: multirow 2021/03/15 v2.8 Span multiple rows of a table
\multirow@colwidth=\skip63
\multirow@cntb=\count293
\multirow@dima=\skip64
\bigstrutjot=\dimen171
)
(/usr/share/texlive/texmf-dist/tex/latex/hanging/hanging.sty
Package: hanging 2009/09/02 v1.2b hanging paragraphs and punctuation
\h@ngcommawd=\skip65
\h@ngfstopwd=\skip66
\h@ngquotewd=\skip67
\h@ngdquotewd=\skip68
\h@ngquerywd=\skip69
\h@ngexclwd=\skip70
\h@ngcolonwd=\skip71
\h@ngscolonwd=\skip72
)
(/usr/share/texlive/texmf-dist/tex/generic/iftex/ifpdf.sty
Package: ifpdf 2019/10/25 v3.4 ifpdf legacy package. Use iftex instead.

(/usr/share/texlive/texmf-dist/tex/generic/iftex/iftex.sty
Package: iftex 2022/02/03 v1.0f TeX engine tests
))
(/usr/share/texlive/texmf-dist/tex/latex/adjustbox/adjustbox.sty
Package: adjustbox 2022/10/17 v1.3a Adjusting TeX boxes (trim, clip, ...)

(/usr/share/texlive/texmf-dist/tex/latex/xkeyval/xkeyval.sty
Package: xkeyval 2022/06/16 v2.9 package option processing (HA)

(/usr/share/texlive/texmf-dist/tex/generic/xkeyval/xkeyval.tex
(/usr/share/texlive/texmf-dist/tex/generic/xkeyval/xkvutils.tex
\XKV@toks=\toks28
\XKV@tempa@toks=\toks29
)
\XKV@depth=\count294
File: xkeyval.tex 2014/12/03 v2.7a key=value parser (HA)
))
(/usr/share/texlive/texmf-dist/tex/latex/adjustbox/adjcalc.sty
Package: adjcalc 2012/05/16 v1.1 Provides advanced setlength with multiple back
-ends (calc, etex, pgfmath)
)
(/usr/share/texlive/texmf-dist/tex/latex/adjustbox/trimclip.sty
Package: trimclip 2020/08/19 v1.2 Trim and clip general TeX material

(/usr/share/texlive/texmf-dist/tex/latex/graphics/graphicx.sty
Package: graphicx 2021/09/16 v1.2d Enhanced LaTeX Graphics (DPC,SPQR)

(/usr/share/texlive/texmf-dist/tex/latex/graphics/graphics.sty
Package: graphics 2022/03/10 v1.4e Standard LaTeX Graphics (DPC,SPQR)

(/usr/share/texlive/texmf-dist/tex/latex/graphics/trig.sty
Package: trig 2021/08/11 v1.11 sin cos tan (DPC)
)
(/usr/share/texlive/texmf-dist/tex/latex/graphics-cfg/graphics.cfg
File: graphics.cfg 2016/06/04 v1.11 sample graphics configuration
)
Package graphics Info: Driver file: pdftex.def on input line 107.
)
\Gin@req@height=\dimen172
\Gin@req@width=\dimen173
)
(/usr/share/texlive/texmf-dist/tex/latex/collectbox/collectbox.sty
Package: collectbox 2022/10/17 v0.4c Collect macro arguments as boxes
\collectedbox=\box109
)
\tc@llx=\dimen174
\tc@lly=\dimen175
\tc@urx=\dimen176
\tc@ury=\dimen177
Package trimclip Info: Using driver 'tc-pdftex.def'.

(/usr/share/texlive/texmf-dist/tex/latex/adjustbox/tc-pdftex.def
File: tc-pdftex.def 2019/01/04 v2.2 Clipping driver for pdftex
))
\adjbox@Width=\dimen178
\adjbox@Height=\dimen179
\adjbox@Depth=\dimen180
\adjbox@Totalheight=\dimen181
\adjbox@pwidth=\dimen182
\adjbox@pheight=\dimen183
\adjbox@pdepth=\dimen184
\adjbox@ptotalheight=\dimen185

(/usr/share/texlive/texmf-dist/tex/latex/ifoddpage/ifoddpage.sty
Package: ifoddpage 2022/10/18 v1.2 Conditionals for odd/even page detection
\c@checkoddpage=\count295
))
(/usr/share/texlive/texmf-dist/tex/latex/amsfonts/amssymb.sty
Package: amssymb 2013/01/14 v3.01 AMS font symbols

(/usr/share/texlive/texmf-dist/tex/latex/amsfonts/amsfonts.sty
Package: amsfonts 2013/01/14 v3.01 Basic AMSFonts support
\@emptytoks=\toks30
\symAMSa=\mathgroup4
\symAMSb=\mathgroup5
LaTeX Font Info:    Redeclaring math symbol \hbar on input line 98.
LaTeX Font Info:    Overwriting math alphabet `\mathfrak' in version `bold'
(Font)                  U/euf/m/n --> U/euf/b/n on input line 106.
))
(/usr/share/texlive/texmf-dist/tex/latex/stackengine/stackengine.sty
Package: stackengine 2021/07/22 v4.11\ Stacking text and objects in convenient 
ways

(/usr/share/texlive/texmf-dist/tex/latex/etoolbox/etoolbox.sty
Package: etoolbox 2020/10/05 v2.5k e-TeX tools for LaTeX (JAW)
\etb@tempcnta=\count296
)
(/usr/share/texlive/texmf-dist/tex/generic/listofitems/listofitems.sty
(/usr/share/texlive/texmf-dist/tex/generic/listofitems/listofitems.tex
\loi_cnt_foreach_nest=\count297
\loi_nestcnt=\count298
)
Package: listofitems 2019/08/21 v1.63 Grab items in lists using user-specified 
sep char (CT)
)
\c@@stackindex=\count299
\@boxshift=\skip73
\stack@tmplength=\skip74
\temp@stkl=\skip75
\@stackedboxwidth=\skip76
\@addedbox=\box110
\@anchorbox=\box111
\@insetbox=\box112
\se@backgroundbox=\box113
\stackedbox=\box114
\@centerbox=\box115
\c@ROWcellindex@=\count300
)
(/usr/share/texlive/texmf-dist/tex/latex/enumitem/enumitem.sty
Package: enumitem 2019/06/20 v3.9 Customized lists
\labelindent=\skip77
\enit@outerparindent=\dimen186
\enit@toks=\toks31
\enit@inbox=\box116
\enit@count@id=\count301
\enitdp@description=\count302
)
(/usr/share/texlive/texmf-dist/tex/generic/alphalph/alphalph.sty
Package: alphalph 2019/12/09 v2.6 Convert numbers to letters (HO)

(/usr/share/texlive/texmf-dist/tex/generic/intcalc/intcalc.sty
Package: intcalc 2019/12/15 v1.3 Expandable calculations with integers (HO)
))
(/usr/share/texlive/texmf-dist/tex/generic/ulem/ulem.sty
\UL@box=\box117
\UL@hyphenbox=\box118
\UL@skip=\skip78
\UL@hook=\toks32
\UL@height=\dimen187
\UL@pe=\count303
\UL@pixel=\dimen188
\ULC@box=\box119
Package: ulem 2019/11/18
\ULdepth=\dimen189
)
\xrefbox=\box120
\xreflength=\skip79
\CodeWidthChar=\skip80
\CodeHeightChar=\skip81
\DoxyCodeWidth=\skip82
\c@DoxyEnumeratei=\count304
\c@DoxyEnumerateii=\count305
\c@DoxyEnumerateiii=\count306
\c@DoxyEnumerateiv=\count307
\c@DoxyEnumeratev=\count308
\c@DoxyEnumeratevi=\count309
\c@DoxyEnumeratevii=\count310
\c@DoxyEnumerateviii=\count311
\c@DoxyEnumerateix=\count312
\c@DoxyEnumeratex=\count313
\c@DoxyEnumeratexi=\count314
\c@DoxyEnumeratexii=\count315
\enitdp@DoxyEnumerate=\count316
\enitdp@DoxyItemize=\count317
\c@subsubsubsection=\count318
\c@subsubsubsubsection=\count319
\c@subsubsubsubsubsection=\count320
\c@subsubsubsubsubsubsection=\count321
)
(/usr/share/texlive/texmf-dist/tex/latex/base/inputenc.sty
Package: inputenc 2021/02/14 v1.3d Input encoding file
\inpenc@prehook=\toks33
\inpenc@posthook=\toks34
)
(/usr/share/texlive/texmf-dist/tex/latex/base/makeidx.sty
Package: makeidx 2021/10/04 v1.0m Standard LaTeX package
)
(/usr/share/texlive/texmf-dist/tex/latex/base/textcomp.sty
Package: textcomp 2020/02/02 v2.0n Standard LaTeX package
)
(/usr/share/texlive/texmf-dist/tex/latex/wasysym/wasysym.sty
Package: wasysym 2020/01/19 v2.4 Wasy-2 symbol support package
\symwasy=\mathgroup6
LaTeX Font Info:    Overwriting symbol font `wasy' in version `bold'
(Font)                  U/wasy/m/n --> U/wasy/b/n on input line 93.
)
(/usr/share/texlive/texmf-dist/tex/generic/iftex/ifxetex.sty
Package: ifxetex 2019/10/25 v0.7 ifxetex legacy package. Use iftex instead.
)
(/usr/share/texlive/texmf-dist/tex/latex/base/fontenc.sty
Package: fontenc 2021/04/29 v2.0v Standard LaTeX package
)
(/usr/share/texlive/texmf-dist/tex/latex/psnfss/helvet.sty
Package: helvet 2020/03/25 PSNFSS-v9.3 (WaS) 
)
(/usr/share/texlive/texmf-dist/tex/latex/psnfss/courier.sty
Package: courier 2020/03/25 PSNFSS-v9.3 (WaS) 
)
(/usr/share/texlive/texmf-dist/tex/latex/geometry/geometry.sty
Package: geometry 2020/01/02 v5.9 Page Geometry

(/usr/share/texlive/texmf-dist/tex/generic/iftex/ifvtex.sty
Package: ifvtex 2019/10/25 v1.7 ifvtex legacy package. Use iftex instead.
)
\Gm@cnth=\count322
\Gm@cntv=\count323
\c@Gm@tempcnt=\count324
\Gm@bindingoffset=\dimen190
\Gm@wd@mp=\dimen191
\Gm@odd@mp=\dimen192
\Gm@even@mp=\dimen193
\Gm@layoutwidth=\dimen194
\Gm@layoutheight=\dimen195
\Gm@layouthoffset=\dimen196
\Gm@layoutvoffset=\dimen197
\Gm@dimlist=\toks35
)
(/usr/share/texlive/texmf-dist/tex/latex/changepage/changepage.sty
Package: changepage 2009/10/20 v1.0c check page and change page layout
\c@cp@cntr=\count325
\cp@tempcnt=\count326
LaTeX Info: Redefining \checkoddpage on input line 59.
)
(/usr/share/texlive/texmf-dist/tex/latex/fancyhdr/fancyhdr.sty
Package: fancyhdr 2022/11/09 v4.1 Extensive control of page headers and footers

\f@nch@headwidth=\skip83
\f@nch@O@elh=\skip84
\f@nch@O@erh=\skip85
\f@nch@O@olh=\skip86
\f@nch@O@orh=\skip87
\f@nch@O@elf=\skip88
\f@nch@O@erf=\skip89
\f@nch@O@olf=\skip90
\f@nch@O@orf=\skip91
)
(/usr/share/texlive/texmf-dist/tex/latex/natbib/natbib.sty
Package: natbib 2010/09/13 8.31b (PWD, AO)
\bibhang=\skip92
\bibsep=\skip93
LaTeX Info: Redefining \cite on input line 694.
\c@NAT@ctr=\count327
)
(/usr/share/texlive/texmf-dist/tex/latex/tocloft/tocloft.sty
Package: tocloft 2017/08/31 v2.3i parameterised ToC, etc., typesetting
Package tocloft Info: The document has chapter divisions on input line 51.
\cftparskip=\skip94
\cftbeforetoctitleskip=\skip95
\cftaftertoctitleskip=\skip96
\cftbeforepartskip=\skip97
\cftpartnumwidth=\skip98
\cftpartindent=\skip99
\cftbeforechapskip=\skip100
\cftchapindent=\skip101
\cftchapnumwidth=\skip102
\cftbeforesecskip=\skip103
\cftsecindent=\skip104
\cftsecnumwidth=\skip105
\cftbeforesubsecskip=\skip106
\cftsubsecindent=\skip107
\cftsubsecnumwidth=\skip108
\cftbeforesubsubsecskip=\skip109
\cftsubsubsecindent=\skip110
\cftsubsubsecnumwidth=\skip111
\cftbeforeparaskip=\skip112
\cftparaindent=\skip113
\cftparanumwidth=\skip114
\cftbeforesubparaskip=\skip115
\cftsubparaindent=\skip116
\cftsubparanumwidth=\skip117
\cftbeforeloftitleskip=\skip118
\cftafterloftitleskip=\skip119
\cftbeforefigskip=\skip120
\cftfigindent=\skip121
\cftfignumwidth=\skip122
\c@lofdepth=\count328
\c@lotdepth=\count329
\cftbeforelottitleskip=\skip123
\cftafterlottitleskip=\skip124
\cftbeforetabskip=\skip125
\cfttabindent=\skip126
\cfttabnumwidth=\skip127
)
\@indexfile=\write4
\openout4 = `refman.idx'.


Writing index file refman.idx
(/usr/share/texlive/texmf-dist/tex/latex/newunicodechar/newunicodechar.sty
Package: newunicodechar 2018/04/08 v1.2 Defining Unicode characters
)
(/usr/share/texlive/texmf-dist/tex/latex/hyperref/hyperref.sty
Package: hyperref 2024-01-20 v7.01h Hypertext links for LaTeX

(/usr/share/texlive/texmf-dist/tex/latex/kvsetkeys/kvsetkeys.sty
Package: kvsetkeys 2022-10-05 v1.19 Key value parser (HO)
)
(/usr/share/texlive/texmf-dist/tex/generic/kvdefinekeys/kvdefinekeys.sty
Package: kvdefinekeys 2019-12-19 v1.6 Define keys (HO)
)
(/usr/share/texlive/texmf-dist/tex/generic/pdfescape/pdfescape.sty
Package: pdfescape 2019/12/09 v1.15 Implements pdfTeX's escape features (HO)

(/usr/share/texlive/texmf-dist/tex/generic/ltxcmds/ltxcmds.sty
Package: ltxcmds 2023-12-04 v1.26 LaTeX kernel commands for general use (HO)
)
(/usr/share/texlive/texmf-dist/tex/generic/pdftexcmds/pdftexcmds.sty
Package: pdftexcmds 2020-06-27 v0.33 Utility functions of pdfTeX for LuaTeX (HO
)
Package pdftexcmds Info: \pdf@primitive is available.
Package pdftexcmds Info: \pdf@ifprimitive is available.
Package pdftexcmds Info: \pdfdraftmode found.
))
(/usr/share/texlive/texmf-dist/tex/latex/hycolor/hycolor.sty
Package: hycolor 2020-01-27 v1.10 Color options for hyperref/bookmark (HO)
)
(/usr/share/texlive/texmf-dist/tex/latex/auxhook/auxhook.sty
Package: auxhook 2019-12-17 v1.6 Hooks for auxiliary files (HO)
)
(/usr/share/texlive/texmf-dist/tex/latex/hyperref/nameref.sty
Package: nameref 2023-11-26 v2.56 Cross-referencing by name of section

(/usr/share/texlive/texmf-dist/tex/latex/refcount/refcount.sty
Package: refcount 2019/12/15 v3.6 Data extraction from label references (HO)
)
(/usr/share/texlive/texmf-dist/tex/generic/gettitlestring/gettitlestring.sty
Package: gettitlestring 2019/12/15 v1.6 Cleanup title references (HO)

(/usr/share/texlive/texmf-dist/tex/latex/kvoptions/kvoptions.sty
Package: kvoptions 2022-06-15 v3.15 Key value format for package options (HO)
))
\c@section@level=\count330
)
\@linkdim=\dimen198
\Hy@linkcounter=\count331
\Hy@pagecounter=\count332

(/usr/share/texlive/texmf-dist/tex/latex/hyperref/pd1enc.def
File: pd1enc.def 2024-01-20 v7.01h Hyperref: PDFDocEncoding definition (HO)
Now handling font encoding PD1 ...
... no UTF-8 mapping file for font encoding PD1
)
\Hy@SavedSpaceFactor=\count333

(/usr/share/texlive/texmf-dist/tex/latex/hyperref/puenc.def
File: puenc.def 2024-01-20 v7.01h Hyperref: PDF Unicode definition (HO)
Now handling font encoding PU ...
... no UTF-8 mapping file for font encoding PU
)
Package hyperref Info: Hyper figures OFF on input line 4179.
Package hyperref Info: Link nesting OFF on input line 4184.
Package hyperref Info: Hyper index ON on input line 4187.
Package hyperref Info: Plain pages OFF on input line 4194.
Package hyperref Info: Backreferencing ON on input line 4197.
Package hyperref Info: Implicit mode ON; LaTeX internals redefined.
Package hyperref Info: Bookmarks ON on input line 4446.

(/usr/share/texlive/texmf-dist/tex/latex/hyperref/backref.sty
Package: backref 2023-11-26 v1.44 Bibliographical back referencing

(/usr/share/texlive/texmf-dist/tex/latex/rerunfilecheck/rerunfilecheck.sty
Package: rerunfilecheck 2022-07-10 v1.10 Rerun checks for auxiliary files (HO)

(/usr/share/texlive/texmf-dist/tex/latex/base/atveryend-ltx.sty
Package: atveryend-ltx 2020/08/19 v1.0a Emulation of the original atveryend pac
kage
with kernel methods
)
(/usr/share/texlive/texmf-dist/tex/generic/uniquecounter/uniquecounter.sty
Package: uniquecounter 2019/12/15 v1.4 Provide unlimited unique counter (HO)

(/usr/share/texlive/texmf-dist/tex/generic/bigintcalc/bigintcalc.sty
Package: bigintcalc 2019/12/15 v1.5 Expandable calculations on big integers (HO
)
))
Package uniquecounter Info: New unique counter `rerunfilecheck' on input line 2
85.
))
\c@Hy@tempcnt=\count334

(/usr/share/texlive/texmf-dist/tex/latex/url/url.sty
\Urlmuskip=\muskip16
Package: url 2013/09/16  ver 3.4  Verb mode for urls, etc.
)
LaTeX Info: Redefining \url on input line 4784.
\XeTeXLinkMargin=\dimen199

(/usr/share/texlive/texmf-dist/tex/generic/bitset/bitset.sty
Package: bitset 2019/12/09 v1.3 Handle bit-vector datatype (HO)
)
\Fld@menulength=\count335
\Field@Width=\dimen256
\Fld@charsize=\dimen257
Package hyperref Info: Hyper figures OFF on input line 6063.
Package hyperref Info: Link nesting OFF on input line 6068.
Package hyperref Info: Hyper index ON on input line 6071.
Package hyperref Info: backreferencing ON on input line 6076.
Package hyperref Info: Link coloring OFF on input line 6083.
Package hyperref Info: Link coloring with OCG OFF on input line 6088.
Package hyperref Info: PDF/A mode OFF on input line 6093.

(/usr/share/texlive/texmf-dist/tex/latex/base/atbegshi-ltx.sty
Package: atbegshi-ltx 2021/01/10 v1.0c Emulation of the original atbegshi
package with kernel methods
)
\Hy@abspage=\count336
\c@Item=\count337
\c@Hfootnote=\count338
)
Package hyperref Info: Driver: hpdftex.

(/usr/share/texlive/texmf-dist/tex/latex/hyperref/hpdftex.def
File: hpdftex.def 2024-01-20 v7.01h Hyperref driver for pdfTeX
\Fld@listcount=\count339
\c@bookmark@seq@number=\count340
\Hy@SectionHShift=\skip128
)
Package hyperref Info: Option `colorlinks' set `true' on input line 161.
Package hyperref Info: Option `unicode' set `true' on input line 161.

(/usr/share/texlive/texmf-dist/tex/latex/caption/caption.sty
Package: caption 2023/08/05 v3.6o Customizing captions (AR)

(/usr/share/texlive/texmf-dist/tex/latex/caption/caption3.sty
Package: caption3 2023/07/31 v2.4d caption3 kernel (AR)
\caption@tempdima=\dimen258
\captionmargin=\dimen259
\caption@leftmargin=\dimen260
\caption@rightmargin=\dimen261
\caption@width=\dimen262
\caption@indent=\dimen263
\caption@parindent=\dimen264
\caption@hangindent=\dimen265
Package caption Info: Standard document class detected.
)
\c@caption@flags=\count341
\c@continuedfloat=\count342
Package caption Info: changepage package is loaded.
\caption@adjustwidth@hsize=\dimen266
\caption@adjustwidth@linewidth=\dimen267
Package caption Info: float package is loaded.
Package caption Info: hyperref package is loaded.
Package caption Info: longtable package is loaded.

(/usr/share/texlive/texmf-dist/tex/latex/caption/ltcaption.sty
Package: ltcaption 2021/01/08 v1.4c longtable captions (AR)
))
(/usr/share/texlive/texmf-dist/tex/latex/etoc/etoc.sty
Package: etoc 2023/10/29 v1.2d Completely customisable TOCs (JFB)
\Etoc@toctoks=\toks36
\c@etoc@tocid=\count343
\etoc@framed@titlebox=\box121
\etoc@framed@contentsbox=\box122
)
LaTeX Font Info:    Trying to load font information for T1+phv on input line 18
3.

(/usr/share/texlive/texmf-dist/tex/latex/psnfss/t1phv.fd
File: t1phv.fd 2020/03/25 scalable font definitions for T1/phv.
)
LaTeX Font Info:    Font shape `T1/phv/m/n' will be
(Font)              scaled to size 8.99994pt on input line 183.

(/usr/share/texlive/texmf-dist/tex/latex/l3backend/l3backend-pdftex.def
File: l3backend-pdftex.def 2024-01-04 L3 backend support: PDF output (pdfTeX)
\l__color_backend_stack_int=\count344
\l__pdf_internal_box=\box123
)
No file refman.aux.
\openout1 = `refman.aux'.

LaTeX Font Info:    Checking defaults for OML/cmm/m/it on input line 183.
LaTeX Font Info:    ... okay on input line 183.
LaTeX Font Info:    Checking defaults for OMS/cmsy/m/n on input line 183.
LaTeX Font Info:    ... okay on input line 183.
LaTeX Font Info:    Checking defaults for OT1/cmr/m/n on input line 183.
LaTeX Font Info:    ... okay on input line 183.
LaTeX Font Info:    Checking defaults for T1/cmr/m/n on input line 183.
LaTeX Font Info:    ... okay on input line 183.
LaTeX Font Info:    Checking defaults for TS1/cmr/m/n on input line 183.
LaTeX Font Info:    ... okay on input line 183.
LaTeX Font Info:    Checking defaults for OMX/cmex/m/n on input line 183.
LaTeX Font Info:    ... okay on input line 183.
LaTeX Font Info:    Checking defaults for U/cmr/m/n on input line 183.
LaTeX Font Info:    ... okay on input line 183.
LaTeX Font Info:    Checking defaults for PD1/pdf/m/n on input line 183.
LaTeX Font Info:    ... okay on input line 183.
LaTeX Font Info:    Checking defaults for PU/pdf/m/n on input line 183.
LaTeX Font Info:    ... okay on input line 183.
(/usr/share/texlive/texmf-dist/tex/context/base/mkii/supp-pdf.mkii
[Loading MPS to PDF converter (version 2006.09.02).]
\scratchcounter=\count345
\scratchdimen=\dimen268
\scratchbox=\box124
\nofMPsegments=\count346
\nofMParguments=\count347
\everyMPshowfont=\toks37
\MPscratchCnt=\count348
\MPscratchDim=\dimen269
\MPnumerator=\count349
\makeMPintoPDFobject=\count350
\everyMPtoPDFconversion=\toks38
) (/usr/share/texlive/texmf-dist/tex/latex/epstopdf-pkg/epstopdf-base.sty
Package: epstopdf-base 2020-01-24 v2.11 Base part for package epstopdf
Package epstopdf-base Info: Redefining graphics rule for `.eps' on input line 4
85.

(/usr/share/texlive/texmf-dist/tex/latex/latexconfig/epstopdf-sys.cfg
File: epstopdf-sys.cfg 2010/07/13 v1.3 Configuration of (r)epstopdf for TeX Liv
e
))
*geometry* driver: auto-detecting
*geometry* detected driver: pdftex
*geometry* verbose mode - [ preamble ] result:
* driver: pdftex
* paper: a4paper
* layout: <same size as paper>
* layoutoffset:(h,v)=(0.0pt,0.0pt)
* modes: twoside 
* h-part:(L,W,R)=(71.13188pt, 455.24411pt, 71.13188pt)
* v-part:(T,H,B)=(71.13188pt, 702.78308pt, 71.13188pt)
* \paperwidth=597.50787pt
* \paperheight=845.04684pt
* \textwidth=455.24411pt
* \textheight=702.78308pt
* \oddsidemargin=-1.1381pt
* \evensidemargin=-1.1381pt
* \topmargin=-31.2056pt
* \headheight=12.0pt
* \headsep=18.06749pt
* \topskip=10.0pt
* \footskip=25.29494pt
* \marginparwidth=125.0pt
* \marginparsep=7.0pt
* \columnsep=10.0pt
* \skip\footins=9.0pt plus 4.0pt minus 2.0pt
* \hoffset=0.0pt
* \voffset=0.0pt
* \mag=1000
* \@twocolumnfalse
* \@twosidetrue
* \@mparswitchtrue
* \@reversemarginfalse
* (1in=72.27pt=25.4mm, 1cm=28.453pt)

Package backref Info: ** backref set up for natbib ** on input line 183.
Package hyperref Info: Link coloring ON on input line 183.
\@outlinefile=\write5
\openout5 = `refman.out'.

Package caption Info: Begin \AtBeginDocument code.
Package caption Info: End \AtBeginDocument code.
No file refman.toc.
Package hyperref Info: Option `pageanchor' set `false' on input line 191.
Package hyperref Info: Option `bookmarksnumbered' set `true' on input line 191.

Package hyperref Info: Option `unicode' set `true' on input line 191.
LaTeX Font Info:    Font shape `T1/phv/m/n' will be
(Font)              scaled to size 12.9599pt on input line 196.
LaTeX Font Info:    Font shape `T1/phv/m/n' will be
(Font)              scaled to size 10.79993pt on input line 198.
[1


{/var/lib/texmf/fonts/map/pdftex/updmap/pdftex.map}{/usr/share/texlive/texmf-di
st/fonts/enc/dvips/base/8r.enc}] [2

]
\tf@toc=\write6
\openout6 = `refman.toc'.

Package hyperref Info: Option `pageanchor' set `true' on input line 207.
 (./index.tex
Chapter 1.
LaTeX Font Info:    Font shape `T1/phv/m/n' will be
(Font)              scaled to size 18.66588pt on input line 1.
LaTeX Font Info:    Font shape `T1/phv/b/n' will be
(Font)              scaled to size 18.66588pt on input line 1.
LaTeX Font Info:    Font shape `T1/phv/b/n' will be
(Font)              scaled to size 22.39185pt on input line 1.
) (./md_Application_2SSBL_2HISTORY.tex
LaTeX Font Info:    Font shape `T1/phv/b/n' will be
(Font)              scaled to size 8.99994pt on input line 1.
LaTeX Font Info:    Font shape `T1/phv/b/n' will be
(Font)              scaled to size 6.29996pt on input line 1.
 [1


] [2

]
Chapter 2.
LaTeX Font Info:    Font shape `T1/phv/b/n' will be
(Font)              scaled to size 12.9599pt on input line 5.
LaTeX Font Info:    Trying to load font information for U+msa on input line 5.
(/usr/share/texlive/texmf-dist/tex/latex/amsfonts/umsa.fd
File: umsa.fd 2013/01/14 v3.01 AMS symbols A
)
LaTeX Font Info:    Trying to load font information for U+msb on input line 5.

(/usr/share/texlive/texmf-dist/tex/latex/amsfonts/umsb.fd
File: umsb.fd 2013/01/14 v3.01 AMS symbols B
)
LaTeX Font Info:    Trying to load font information for U+wasy on input line 5.


(/usr/share/texlive/texmf-dist/tex/latex/wasysym/uwasy.fd
File: uwasy.fd 2020/01/19 v2.4 Wasy-2 symbol font definitions
)
LaTeX Font Info:    Trying to load font information for TS1+phv on input line 8
.

(/usr/share/texlive/texmf-dist/tex/latex/psnfss/ts1phv.fd
File: ts1phv.fd 2020/03/25 scalable font definitions for TS1/phv.
)
LaTeX Font Info:    Font shape `TS1/phv/m/n' will be
(Font)              scaled to size 8.99994pt on input line 8.
) (./md_HISTORY.tex
[3] [4

]
Chapter 3.
) (./deprecated.tex [5] [6

]
Chapter 4.
LaTeX Font Info:    Font shape `T1/phv/m/n' will be
(Font)              scaled to size 6.29996pt on input line 5.
) [7] [8

]
Chapter 5.
(./topics.tex

LaTeX Warning: Reference `group__cmocka' on page 9 undefined on input line 3.


LaTeX Warning: Reference `group__cmocka__mock' on page 9 undefined on input lin
e 5.


LaTeX Warning: Reference `group__cmocka__param' on page 9 undefined on input li
ne 6.


LaTeX Warning: Reference `group__cmocka__asserts' on page 9 undefined on input 
line 7.


LaTeX Warning: Reference `group__cmocka__call__order' on page 9 undefined on in
put line 8.


LaTeX Warning: Reference `group__cmocka__exec' on page 9 undefined on input lin
e 9.


LaTeX Warning: Reference `group__cmocka__alloc' on page 9 undefined on input li
ne 10.


LaTeX Warning: Reference `group__cmocka__mock__assert' on page 9 undefined on i
nput line 11.


LaTeX Warning: Reference `group__DigestSystem' on page 9 undefined on input lin
e 13.


LaTeX Warning: Reference `group__BaseAnswer' on page 9 undefined on input line 
14.


LaTeX Warning: Reference `group__IntegrityCheck' on page 9 undefined on input l
ine 16.


LaTeX Warning: Reference `group__BLOCKCIPHER' on page 9 undefined on input line
 18.


LaTeX Warning: Reference `group__RawPartition' on page 9 undefined on input lin
e 19.

) [9] [10

]
Chapter 6.
(./annotated.tex

LaTeX Warning: Reference `struct__aes__buf__t' on page 11 undefined on input li
ne 3.


LaTeX Warning: Reference `struct__aes__cbc__context__t' on page 11 undefined on
 input line 4.


LaTeX Warning: Reference `struct__aes__context__t' on page 11 undefined on inpu
t line 5.


LaTeX Warning: Reference `struct__aes__gcm__context__t' on page 11 undefined on
 input line 6.


LaTeX Warning: Reference `struct__at__key__t' on page 11 undefined on input lin
e 7.


LaTeX Warning: Reference `struct__base__ansid__t' on page 11 undefined on input
 line 8.


LaTeX Warning: Reference `union__boot__fw__inf__t' on page 11 undefined on inpu
t line 9.


LaTeX Warning: Reference `struct__boot__proc__t' on page 11 undefined on input 
line 10.


LaTeX Warning: Reference `struct__ecc__ctx__t' on page 11 undefined on input li
ne 11.


LaTeX Warning: Reference `struct__fhnd__img__t' on page 11 undefined on input l
ine 12.


LaTeX Warning: Reference `struct__hw__unique__info__t' on page 11 undefined on 
input line 13.


LaTeX Warning: Reference `struct__kdf__t' on page 11 undefined on input line 14
.


LaTeX Warning: Reference `struct__lv__t' on page 11 undefined on input line 15.



LaTeX Warning: Reference `union__osid__key__t' on page 11 undefined on input li
ne 16.


LaTeX Warning: Reference `struct__rawprt__hdr__t' on page 11 undefined on input
 line 17.


LaTeX Warning: Reference `struct__sb__rcv__proc__t' on page 11 undefined on inp
ut line 18.


LaTeX Warning: Reference `union__sbc__rtpn__header__t' on page 11 undefined on 
input line 19.


LaTeX Warning: Reference `union__sys__pres__t' on page 11 undefined on input li
ne 20.


LaTeX Warning: Reference `struct__t__baseansr' on page 11 undefined on input li
ne 21.


LaTeX Warning: Reference `struct__t__bm__lookup__table' on page 11 undefined on
 input line 22.


LaTeX Warning: Reference `union__t__fsbl__bsifo' on page 11 undefined on input 
line 23.


LaTeX Warning: Reference `struct__t__fsbl__bsinfo__ptr' on page 11 undefined on
 input line 24.


LaTeX Warning: Reference `struct__t__mig__key' on page 11 undefined on input li
ne 25.


LaTeX Warning: Reference `struct__tlv__t' on page 11 undefined on input line 26
.


LaTeX Warning: Reference `struct__unit__proc__t' on page 11 undefined on input 
line 27.


LaTeX Warning: Reference `structaes__gcm__vectors__st' on page 11 undefined on 
input line 28.


LaTeX Warning: Reference `structat__key__t' on page 11 undefined on input line 
29.


LaTeX Warning: Reference `structatp__ident__t' on page 11 undefined on input li
ne 30.


LaTeX Warning: Reference `structbase__ansid__t' on page 11 undefined on input l
ine 31.


LaTeX Warning: Reference `structbaseansr__t' on page 11 undefined on input line
 32.


LaTeX Warning: Reference `structbm__lookup__table__t' on page 11 undefined on i
nput line 33.

[11]

LaTeX Warning: Reference `unionboot__fw__inf__t' on page 12 undefined on input 
line 34.


LaTeX Warning: Reference `structboot__proc__t' on page 12 undefined on input li
ne 35.


LaTeX Warning: Reference `structCheckIntegerRange' on page 12 undefined on inpu
t line 36.


LaTeX Warning: Reference `structCheckIntegerSet' on page 12 undefined on input 
line 37.


LaTeX Warning: Reference `structCheckMemoryData' on page 12 undefined on input 
line 38.


LaTeX Warning: Reference `structCheckParameterEvent' on page 12 undefined on in
put line 39.


LaTeX Warning: Reference `structCMUnitTest' on page 12 undefined on input line 
40.


LaTeX Warning: Reference `structCMUnitTestState' on page 12 undefined on input 
line 41.


LaTeX Warning: Reference `structfhnd__img__t' on page 12 undefined on input lin
e 42.


LaTeX Warning: Reference `structfsbl__bsinfo__ptr__t' on page 12 undefined on i
nput line 43.


LaTeX Warning: Reference `unionfsbl__bsinfo__t' on page 12 undefined on input l
ine 44.


LaTeX Warning: Reference `structFuncOrderingValue' on page 12 undefined on inpu
t line 45.


LaTeX Warning: Reference `structGroupTest' on page 12 undefined on input line 4
6.


LaTeX Warning: Reference `structhw__uniqueinfo__t' on page 12 undefined on inpu
t line 47.


LaTeX Warning: Reference `structkdf__t' on page 12 undefined on input line 48.


LaTeX Warning: Reference `structListNode' on page 12 undefined on input line 49
.


LaTeX Warning: Reference `unionMallocBlockInfo' on page 12 undefined on input l
ine 50.


LaTeX Warning: Reference `structMallocBlockInfoData' on page 12 undefined on in
put line 51.


LaTeX Warning: Reference `structmig__key__t' on page 12 undefined on input line
 52.


LaTeX Warning: Reference `structNVME__CONTROLLER__DATA' on page 12 undefined on
 input line 53.


LaTeX Warning: Reference `structrawprt__hdr__t' on page 12 undefined on input l
ine 54.


LaTeX Warning: Reference `structsb__rcv__proc__t' on page 12 undefined on input
 line 55.


LaTeX Warning: Reference `structSBC__AESCBCCtx' on page 12 undefined on input l
ine 56.


LaTeX Warning: Reference `structSBC__AESContext' on page 12 undefined on input 
line 57.


LaTeX Warning: Reference `structSBC__AESGcmCtx' on page 12 undefined on input l
ine 58.


LaTeX Warning: Reference `structSBC__CipherTLV' on page 12 undefined on input l
ine 59.


LaTeX Warning: Reference `unionsbc__rptn__header__t' on page 12 undefined on in
put line 60.


LaTeX Warning: Reference `structSBCAESTestVectorMsg__t' on page 12 undefined on
 input line 61.


LaTeX Warning: Reference `structSBCEccCtx' on page 12 undefined on input line 6
2.


LaTeX Warning: Reference `structSBCHashTestVectorMsg__t' on page 12 undefined o
n input line 63.


LaTeX Warning: Reference `structSourceLocation' on page 12 undefined on input l
ine 64.


LaTeX Warning: Reference `structsw__node__t' on page 12 undefined on input line
 65.


LaTeX Warning: Reference `structsw__path__t' on page 12 undefined on input line
 66.


LaTeX Warning: Reference `structSymbolMapValue' on page 12 undefined on input l
ine 67.


LaTeX Warning: Reference `structSymbolValue' on page 12 undefined on input line
 68.


LaTeX Warning: Reference `structTestState' on page 12 undefined on input line 6
9.

[12]

LaTeX Warning: Reference `structUnitTest' on page 13 undefined on input line 70
.

) [13] [14

]
Chapter 7.
(./files.tex

LaTeX Warning: Reference `FSBL_2aes__vectortable_8h_source' on page 15 undefine
d on input line 3.


LaTeX Warning: Reference `FSBL_2cmocka_8h_source' on page 15 undefined on input
 line 4.


LaTeX Warning: Reference `FSBL_2ecc__vectortable_8h_source' on page 15 undefine
d on input line 5.


LaTeX Warning: Reference `FSBL_8c' on page 15 undefined on input line 6.


LaTeX Warning: Reference `fsbl__main_8c' on page 15 undefined on input line 7.


LaTeX Warning: Reference `FSBL_2leo__test_8h_source' on page 15 undefined on in
put line 8.


LaTeX Warning: Reference `FSBL_2SBC__AntiTampering_8h_source' on page 15 undefi
ned on input line 9.


LaTeX Warning: Reference `FSBL_2SBC__Config_8h_source' on page 15 undefined on 
input line 10.


LaTeX Warning: Reference `FSBL_2SBC__CryptAES_8h_source' on page 15 undefined o
n input line 11.


LaTeX Warning: Reference `FSBL_2SBC__EccSignVerify_8h_source' on page 15 undefi
ned on input line 12.


LaTeX Warning: Reference `FSBL_2SBC__ErrorType_8h_source' on page 15 undefined 
on input line 13.


LaTeX Warning: Reference `FSBL_2SBC__FileCtrl_8h_source' on page 15 undefined o
n input line 14.


LaTeX Warning: Reference `FSBL_2SBC__Hashing_8h_source' on page 15 undefined on
 input line 15.


LaTeX Warning: Reference `FSBL_2SBC__HashTestVectorTable_8h_source' on page 15 
undefined on input line 16.


LaTeX Warning: Reference `FSBL_2SBC__Kdf_8h_source' on page 15 undefined on inp
ut line 17.


LaTeX Warning: Reference `FSBL_2SBC__Log_8h_source' on page 15 undefined on inp
ut line 18.


LaTeX Warning: Reference `FSBL_2SBC__Nvram_8h_source' on page 15 undefined on i
nput line 19.


LaTeX Warning: Reference `SBC__Sleep_8h_source' on page 15 undefined on input l
ine 20.


LaTeX Warning: Reference `FSBL_2SBC__SystemControl_8h_source' on page 15 undefi
ned on input line 21.


LaTeX Warning: Reference `FSBL_2SBC__Timer_8h_source' on page 15 undefined on i
nput line 22.


LaTeX Warning: Reference `FSBL_2SBC__TypeDefs_8h_source' on page 15 undefined o
n input line 23.


LaTeX Warning: Reference `SBC__UnitTest_8h_source' on page 15 undefined on inpu
t line 24.


LaTeX Warning: Reference `FSBL_2SBC__Util_8h_source' on page 15 undefined on in
put line 25.


LaTeX Warning: Reference `FSBL_2SBC__X509_8h_source' on page 15 undefined on in
put line 26.


LaTeX Warning: Reference `SSBL_2aes__vectortable_8h_source' on page 15 undefine
d on input line 27.


LaTeX Warning: Reference `SSBL_2cmocka_8h_source' on page 15 undefined on input
 line 28.


LaTeX Warning: Reference `SSBL_2ecc__vectortable_8h_source' on page 15 undefine
d on input line 29.


LaTeX Warning: Reference `SSBL_2leo__test_8h_source' on page 15 undefined on in
put line 30.


LaTeX Warning: Reference `SSBL_2SBC__AntiTampering_8h_source' on page 15 undefi
ned on input line 31.


LaTeX Warning: Reference `SBC__BootProc_8h_source' on page 15 undefined on inpu
t line 32.


LaTeX Warning: Reference `SSBL_2SBC__Config_8h_source' on page 15 undefined on 
input line 33.


LaTeX Warning: Reference `SSBL_2SBC__CryptAES_8c' on page 15 undefined on input
 line 34.


LaTeX Warning: Reference `SSBL_2SBC__CryptAES_8h_source' on page 15 undefined o
n input line 35.


LaTeX Warning: Reference `SSBL_2SBC__EccSignVerify_8h_source' on page 15 undefi
ned on input line 36.


LaTeX Warning: Reference `SSBL_2SBC__ErrorType_8h_source' on page 15 undefined 
on input line 37.


LaTeX Warning: Reference `SSBL_2SBC__FileCtrl_8c' on page 15 undefined on input
 line 38.


LaTeX Warning: Reference `SSBL_2SBC__FileCtrl_8h_source' on page 15 undefined o
n input line 39.

[15]

LaTeX Warning: Reference `SSBL_2SBC__Hashing_8c' on page 16 undefined on input 
line 40.


LaTeX Warning: Reference `SSBL_2SBC__Hashing_8h_source' on page 16 undefined on
 input line 41.


LaTeX Warning: Reference `SSBL_2SBC__HashTestVectorTable_8h_source' on page 16 
undefined on input line 42.


LaTeX Warning: Reference `SSBL_2SBC__Kdf_8c' on page 16 undefined on input line
 43.


LaTeX Warning: Reference `SSBL_2SBC__Kdf_8h_source' on page 16 undefined on inp
ut line 44.


LaTeX Warning: Reference `SSBL_2SBC__Log_8c' on page 16 undefined on input line
 45.


LaTeX Warning: Reference `SSBL_2SBC__Log_8h_source' on page 16 undefined on inp
ut line 46.


LaTeX Warning: Reference `SSBL_2SBC__Nvram_8c' on page 16 undefined on input li
ne 47.


LaTeX Warning: Reference `SSBL_2SBC__Nvram_8h_source' on page 16 undefined on i
nput line 48.


LaTeX Warning: Reference `SBC__ProtectedSW_8c' on page 16 undefined on input li
ne 49.


LaTeX Warning: Reference `SBC__ProtectedSW_8h_source' on page 16 undefined on i
nput line 50.


LaTeX Warning: Reference `SSBL_2SBC__SystemControl_8c' on page 16 undefined on 
input line 51.


LaTeX Warning: Reference `SSBL_2SBC__SystemControl_8h_source' on page 16 undefi
ned on input line 52.


LaTeX Warning: Reference `SSBL_2SBC__Timer_8h_source' on page 16 undefined on i
nput line 53.


LaTeX Warning: Reference `SSBL_2SBC__TypeDefs_8h_source' on page 16 undefined o
n input line 54.


LaTeX Warning: Reference `SSBL_2SBC__Util_8h_source' on page 16 undefined on in
put line 55.


LaTeX Warning: Reference `SSBL_2SBC__X509_8c' on page 16 undefined on input lin
e 56.


LaTeX Warning: Reference `SSBL_2SBC__X509_8h_source' on page 16 undefined on in
put line 57.


LaTeX Warning: Reference `SSBL_8c' on page 16 undefined on input line 58.

) [16]
Chapter 8.
(./group__cmocka.tex <./group__cmocka.pdf>
<group__cmocka.pdf, id=403, 372.39125pt x 322.20375pt>
File: group__cmocka.pdf Graphic file (type pdf)
<use group__cmocka.pdf>
Package pdftex.def Info: group__cmocka.pdf  used on input line 8.
(pdftex.def)             Requested size: 350.0pt x 302.84206pt.
 [17

] [18
pdfTeX warning (ext4): destination with the same identifier (name{group__cmocka
_gaeea7ec6e47ecea02cc6812b268034b28}) has been already used, duplicate ignored
<argument> ...shipout:D \box_use:N \l_shipout_box 
                                                  \__shipout_drop_firstpage_...
l.176 \Hypertarget
                  {group__cmocka_ga728e973c799f206f0151c8a3bd1e5699}\label{g...

pdfTeX warning (ext4): destination with the same identifier (name{group__cmocka
_ga86a77080f650963d177e7a97748488a5}) has been already used, duplicate ignored
<argument> ...shipout:D \box_use:N \l_shipout_box 
                                                  \__shipout_drop_firstpage_...
l.176 \Hypertarget
                  {group__cmocka_ga728e973c799f206f0151c8a3bd1e5699}\label{g...

pdfTeX warning (ext4): destination with the same identifier (name{group__cmocka
_ga106239fcf6108905a1beb6837f7343c8}) has been already used, duplicate ignored
<argument> ...shipout:D \box_use:N \l_shipout_box 
                                                  \__shipout_drop_firstpage_...
l.176 \Hypertarget
                  {group__cmocka_ga728e973c799f206f0151c8a3bd1e5699}\label{g...

pdfTeX warning (ext4): destination with the same identifier (name{group__cmocka
_ga55238650c10063aca9388b4e598c813d}) has been already used, duplicate ignored
<argument> ...shipout:D \box_use:N \l_shipout_box 
                                                  \__shipout_drop_firstpage_...
l.176 \Hypertarget
                  {group__cmocka_ga728e973c799f206f0151c8a3bd1e5699}\label{g...

pdfTeX warning (ext4): destination with the same identifier (name{group__cmocka
_ga655cae71cb84ae751b9b400434aba9bc}) has been already used, duplicate ignored
<argument> ...shipout:D \box_use:N \l_shipout_box 
                                                  \__shipout_drop_firstpage_...
l.176 \Hypertarget
                  {group__cmocka_ga728e973c799f206f0151c8a3bd1e5699}\label{g...

pdfTeX warning (ext4): destination with the same identifier (name{group__cmocka
_ga312645abd72ec83b9afed487642d0a18}) has been already used, duplicate ignored
<argument> ...shipout:D \box_use:N \l_shipout_box 
                                                  \__shipout_drop_firstpage_...
l.176 \Hypertarget
                  {group__cmocka_ga728e973c799f206f0151c8a3bd1e5699}\label{g...

pdfTeX warning (ext4): destination with the same identifier (name{group__cmocka
_ga1c95ef085a988473b2b286a97d81467c}) has been already used, duplicate ignored
<argument> ...shipout:D \box_use:N \l_shipout_box 
                                                  \__shipout_drop_firstpage_...
l.176 \Hypertarget
                  {group__cmocka_ga728e973c799f206f0151c8a3bd1e5699}\label{g...

pdfTeX warning (ext4): destination with the same identifier (name{group__cmocka
_gaa54cefac703e23a5cac73943f92f51b0}) has been already used, duplicate ignored
<argument> ...shipout:D \box_use:N \l_shipout_box 
                                                  \__shipout_drop_firstpage_...
l.176 \Hypertarget
                  {group__cmocka_ga728e973c799f206f0151c8a3bd1e5699}\label{g...

pdfTeX warning (ext4): destination with the same identifier (name{group__cmocka
_ga77401385567f3887628ca3bc49577613}) has been already used, duplicate ignored
<argument> ...shipout:D \box_use:N \l_shipout_box 
                                                  \__shipout_drop_firstpage_...
l.176 \Hypertarget
                  {group__cmocka_ga728e973c799f206f0151c8a3bd1e5699}\label{g...

pdfTeX warning (ext4): destination with the same identifier (name{group__cmocka
_ga372e4d7da4b82e59bf9959cf2b88eae1}) has been already used, duplicate ignored
<argument> ...shipout:D \box_use:N \l_shipout_box 
                                                  \__shipout_drop_firstpage_...
l.176 \Hypertarget
                  {group__cmocka_ga728e973c799f206f0151c8a3bd1e5699}\label{g...

pdfTeX warning (ext4): destination with the same identifier (name{group__cmocka
_ga7abc548f6daf5f7ed7f471b1b9905f82}) has been already used, duplicate ignored
<argument> ...shipout:D \box_use:N \l_shipout_box 
                                                  \__shipout_drop_firstpage_...
l.176 \Hypertarget
                  {group__cmocka_ga728e973c799f206f0151c8a3bd1e5699}\label{g...

pdfTeX warning (ext4): destination with the same identifier (name{group__cmocka
_ga3721808ed217a3abf4035bbef52621d9}) has been already used, duplicate ignored
<argument> ...shipout:D \box_use:N \l_shipout_box 
                                                  \__shipout_drop_firstpage_...
l.176 \Hypertarget
                  {group__cmocka_ga728e973c799f206f0151c8a3bd1e5699}\label{g...

pdfTeX warning (ext4): destination with the same identifier (name{group__cmocka
_gab98f806581b76bbb0d3ebad2b0d87686}) has been already used, duplicate ignored
<argument> ...shipout:D \box_use:N \l_shipout_box 
                                                  \__shipout_drop_firstpage_...
l.176 \Hypertarget
                  {group__cmocka_ga728e973c799f206f0151c8a3bd1e5699}\label{g...

pdfTeX warning (ext4): destination with the same identifier (name{group__cmocka
_ga63eb6efce067a7113363d869708b8360}) has been already used, duplicate ignored
<argument> ...shipout:D \box_use:N \l_shipout_box 
                                                  \__shipout_drop_firstpage_...
l.176 \Hypertarget
                  {group__cmocka_ga728e973c799f206f0151c8a3bd1e5699}\label{g...

pdfTeX warning (ext4): destination with the same identifier (name{group__cmocka
_gacc7620d82df0268eb9d2ccaeb90f02a3}) has been already used, duplicate ignored
<argument> ...shipout:D \box_use:N \l_shipout_box 
                                                  \__shipout_drop_firstpage_...
l.176 \Hypertarget
                  {group__cmocka_ga728e973c799f206f0151c8a3bd1e5699}\label{g...

pdfTeX warning (ext4): destination with the same identifier (name{group__cmocka
_ga86484031696fb3117b0fb313c3f2f481}) has been already used, duplicate ignored
<argument> ...shipout:D \box_use:N \l_shipout_box 
                                                  \__shipout_drop_firstpage_...
l.176 \Hypertarget
                  {group__cmocka_ga728e973c799f206f0151c8a3bd1e5699}\label{g...

pdfTeX warning (ext4): destination with the same identifier (name{group__cmocka
_gaf96b76c9c5d7f305013296d406e7fc38}) has been already used, duplicate ignored
<argument> ...shipout:D \box_use:N \l_shipout_box 
                                                  \__shipout_drop_firstpage_...
l.176 \Hypertarget
                  {group__cmocka_ga728e973c799f206f0151c8a3bd1e5699}\label{g...

pdfTeX warning (ext4): destination with the same identifier (name{group__cmocka
_ga6d6219d951a8dd87760353943f045a25}) has been already used, duplicate ignored
<argument> ...shipout:D \box_use:N \l_shipout_box 
                                                  \__shipout_drop_firstpage_...
l.176 \Hypertarget
                  {group__cmocka_ga728e973c799f206f0151c8a3bd1e5699}\label{g...
]
Underfull \hbox (badness 1596) in paragraph at lines 250--252
[]\T1/phv/m/n/10 void []\T1/phv/b/n/10 _[]assert[]_[]in[]_[]range \T1/phv/m/n/1
0 (const Largest[]Integral[]Type value, const Largest[]Integral[]Type min-i-mum
, const
 []

[19
pdfTeX warning (ext4): destination with the same identifier (name{group__cmocka
_gaf7ec001f0be4727694546526a804c18c}) has been already used, duplicate ignored
<argument> ...shipout:D \box_use:N \l_shipout_box 
                                                  \__shipout_drop_firstpage_...
l.282 \Hypertarget
                  {group__cmocka_ga716f6148096fda384f02558c6891ca4e}\label{g...

pdfTeX warning (ext4): destination with the same identifier (name{group__cmocka
_ga4a6db7b9ea81708307a6e766cea89be8}) has been already used, duplicate ignored
<argument> ...shipout:D \box_use:N \l_shipout_box 
                                                  \__shipout_drop_firstpage_...
l.282 \Hypertarget
                  {group__cmocka_ga716f6148096fda384f02558c6891ca4e}\label{g...

pdfTeX warning (ext4): destination with the same identifier (name{group__cmocka
_gaf5aef513b50fe90c4b820504415804b8}) has been already used, duplicate ignored
<argument> ...shipout:D \box_use:N \l_shipout_box 
                                                  \__shipout_drop_firstpage_...
l.282 \Hypertarget
                  {group__cmocka_ga716f6148096fda384f02558c6891ca4e}\label{g...

pdfTeX warning (ext4): destination with the same identifier (name{group__cmocka
_ga728e973c799f206f0151c8a3bd1e5699}) has been already used, duplicate ignored
<argument> ...shipout:D \box_use:N \l_shipout_box 
                                                  \__shipout_drop_firstpage_...
l.282 \Hypertarget
                  {group__cmocka_ga716f6148096fda384f02558c6891ca4e}\label{g...

pdfTeX warning (ext4): destination with the same identifier (name{group__cmocka
_ga5f6c83439dd39c6c9f7b9357e5881608}) has been already used, duplicate ignored
<argument> ...shipout:D \box_use:N \l_shipout_box 
                                                  \__shipout_drop_firstpage_...
l.282 \Hypertarget
                  {group__cmocka_ga716f6148096fda384f02558c6891ca4e}\label{g...

pdfTeX warning (ext4): destination with the same identifier (name{group__cmocka
_ga44ac9dd4214cb04101b971f8ecd577c1}) has been already used, duplicate ignored
<argument> ...shipout:D \box_use:N \l_shipout_box 
                                                  \__shipout_drop_firstpage_...
l.282 \Hypertarget
                  {group__cmocka_ga716f6148096fda384f02558c6891ca4e}\label{g...

pdfTeX warning (ext4): destination with the same identifier (name{group__cmocka
_ga96060c7d25f78317273e2d2bea02b84a}) has been already used, duplicate ignored
<argument> ...shipout:D \box_use:N \l_shipout_box 
                                                  \__shipout_drop_firstpage_...
l.282 \Hypertarget
                  {group__cmocka_ga716f6148096fda384f02558c6891ca4e}\label{g...

pdfTeX warning (ext4): destination with the same identifier (name{group__cmocka
_gab0bc6b8252e7840ff5738477dc7a97ca}) has been already used, duplicate ignored
<argument> ...shipout:D \box_use:N \l_shipout_box 
                                                  \__shipout_drop_firstpage_...
l.282 \Hypertarget
                  {group__cmocka_ga716f6148096fda384f02558c6891ca4e}\label{g...

pdfTeX warning (ext4): destination with the same identifier (name{group__cmocka
_gacc1f84b55e26f5e7f8c1ad2ade44920b}) has been already used, duplicate ignored
<argument> ...shipout:D \box_use:N \l_shipout_box 
                                                  \__shipout_drop_firstpage_...
l.282 \Hypertarget
                  {group__cmocka_ga716f6148096fda384f02558c6891ca4e}\label{g...
]
Underfull \hbox (badness 1281) in paragraph at lines 295--297
[]\T1/phv/m/n/10 void []\T1/phv/b/n/10 _[]expect[]_[]check \T1/phv/m/n/10 (cons
t char $\OMS/cmsy/m/n/10 ^^C$\T1/phv/m/n/10 const func-tion, const char $\OMS/c
msy/m/n/10 ^^C$\T1/phv/m/n/10 const pa-ram-e-ter, const char $\OMS/cmsy/m/n/10 
^^C$\T1/phv/m/n/10 const
 []

LaTeX Font Info:    Font shape `T1/phv/m/n' will be
(Font)              scaled to size 8.09995pt on input line 366.
LaTeX Font Info:    Font shape `T1/phv/m/it' in size <9> not available
(Font)              Font shape `T1/phv/m/sl' tried instead on input line 366.
LaTeX Font Info:    Font shape `T1/phv/m/sl' will be
(Font)              scaled to size 8.09995pt on input line 366.
[20]
LaTeX Font Info:    Font shape `T1/phv/b/n' will be
(Font)              scaled to size 10.79993pt on input line 406.
LaTeX Font Info:    Trying to load font information for T1+pcr on input line 40
8.
 (/usr/share/texlive/texmf-dist/tex/latex/psnfss/t1pcr.fd
File: t1pcr.fd 2001/06/04 font definitions for T1/pcr.
)
LaTeX Font Info:    Font shape `T1/phv/m/n' will be
(Font)              scaled to size 7.19995pt on input line 424.
LaTeX Font Info:    Font shape `T1/pcr/m/it' in size <8> not available
(Font)              Font shape `T1/pcr/m/sl' tried instead on input line 424.
LaTeX Font Info:    Font shape `T1/pcr/m/it' in size <7> not available
(Font)              Font shape `T1/pcr/m/sl' tried instead on input line 424.
 [21
pdfTeX warning (ext4): destination with the same identifier (name{group__cmocka
_ga1a604d991b7917b5a8acf02ff051a22d}) has been already used, duplicate ignored
<argument> ...shipout:D \box_use:N \l_shipout_box 
                                                  \__shipout_drop_firstpage_...
l.444 \end{DoxyParams}
                      

pdfTeX warning (ext4): destination with the same identifier (name{group__cmocka
_ga249870b7a077de2195651cdc25dd84da}) has been already used, duplicate ignored
<argument> ...shipout:D \box_use:N \l_shipout_box 
                                                  \__shipout_drop_firstpage_...
l.444 \end{DoxyParams}
                      

pdfTeX warning (ext4): destination with the same identifier (name{group__cmocka
_gaee41bffee72ebd70a0ec6a58985dce72}) has been already used, duplicate ignored
<argument> ...shipout:D \box_use:N \l_shipout_box 
                                                  \__shipout_drop_firstpage_...
l.444 \end{DoxyParams}
                      
]

Package longtable Warning: Column widths have changed
(longtable)                in table 8.1 on input line 444.


Package longtable Warning: Column widths have changed
(longtable)                in table 8.2 on input line 461.


Package longtable Warning: Column widths have changed
(longtable)                in table 8.3 on input line 478.

(./group__cmocka__mock.tex <./group__cmocka__mock.pdf>
<group__cmocka__mock.pdf, id=571, 298.11375pt x 99.37125pt>
File: group__cmocka__mock.pdf Graphic file (type pdf)
<use group__cmocka__mock.pdf>
Package pdftex.def Info: group__cmocka__mock.pdf  used on input line 8.
(pdftex.def)             Requested size: 297.0pt x 99.00557pt.
 [22]
LaTeX Font Info:    Font shape `T1/phv/b/n' will be
(Font)              scaled to size 7.19995pt on input line 95.
 [23
pdfTeX warning (ext4): destination with the same identifier (name{group__cmocka
__mock_gabfbc7d47a880b629f1f922c84bb0b298}) has been already used, duplicate ig
nored
<argument> ...shipout:D \box_use:N \l_shipout_box 
                                                  \__shipout_drop_firstpage_...
l.119 \doxysubsubsubsection
                           {\texorpdfstring{will\_return\_count}{will\_retur...

pdfTeX warning (ext4): destination with the same identifier (name{group__cmocka
__mock_gad5d3d911b6b35fd12197d0866b69680d}) has been already used, duplicate ig
nored
<argument> ...shipout:D \box_use:N \l_shipout_box 
                                                  \__shipout_drop_firstpage_...
l.119 \doxysubsubsubsection
                           {\texorpdfstring{will\_return\_count}{will\_retur...

pdfTeX warning (ext4): destination with the same identifier (name{group__cmocka
__mock_ga9c5b6d6f0cb3f2020dfa9def4dbab594}) has been already used, duplicate ig
nored
<argument> ...shipout:D \box_use:N \l_shipout_box 
                                                  \__shipout_drop_firstpage_...
l.119 \doxysubsubsubsection
                           {\texorpdfstring{will\_return\_count}{will\_retur...

pdfTeX warning (ext4): destination with the same identifier (name{group__cmocka
__mock_gaa71fcfa99426230c1b17b135a2690630}) has been already used, duplicate ig
nored
<argument> ...shipout:D \box_use:N \l_shipout_box 
                                                  \__shipout_drop_firstpage_...
l.119 \doxysubsubsubsection
                           {\texorpdfstring{will\_return\_count}{will\_retur...

pdfTeX warning (ext4): destination with the same identifier (name{group__cmocka
__mock_ga26063fc50e2ece395c9b47ffdc2e1f35}) has been already used, duplicate ig
nored
<argument> ...shipout:D \box_use:N \l_shipout_box 
                                                  \__shipout_drop_firstpage_...
l.119 \doxysubsubsubsection
                           {\texorpdfstring{will\_return\_count}{will\_retur...

pdfTeX warning (ext4): destination with the same identifier (name{group__cmocka
__mock_ga30c27007b639ae66ec3bb8598f9526b9}) has been already used, duplicate ig
nored
<argument> ...shipout:D \box_use:N \l_shipout_box 
                                                  \__shipout_drop_firstpage_...
l.119 \doxysubsubsubsection
                           {\texorpdfstring{will\_return\_count}{will\_retur...
]) (./group__cmocka__param.tex <./group__cmocka__param.pdf>
<group__cmocka__param.pdf, id=615, 337.26pt x 99.37125pt>
File: group__cmocka__param.pdf Graphic file (type pdf)
<use group__cmocka__param.pdf>
Package pdftex.def Info: group__cmocka__param.pdf  used on input line 8.
(pdftex.def)             Requested size: 336.0pt x 99.00253pt.

Underfull \hbox (badness 3907) in paragraph at lines 29--31
[]\T1/phv/m/n/10 #define \T1/phv/b/n/10 expect[]_[]any[]_[]always\T1/phv/m/n/10
 (function, pa-ram-e-ter)  expect[]_[]any[]_[]count(function, pa-ram-e-ter, WIL
L[]_[][]
 []


Underfull \hbox (badness 3907) in paragraph at lines 32--34
[]\T1/phv/m/n/10 #define \T1/phv/b/n/10 expect[]_[]any[]_[]always\T1/phv/m/n/10
 (function, pa-ram-e-ter)  expect[]_[]any[]_[]count(function, pa-ram-e-ter, WIL
L[]_[][]
 []

[24
pdfTeX warning (ext4): destination with the same identifier (name{group__cmocka
__mock_gaab1cabbc12a25d322f75b77aa67eaf2c}) has been already used, duplicate ig
nored
<argument> ...shipout:D \box_use:N \l_shipout_box 
                                                  \__shipout_drop_firstpage_...
l.40 \#
       define \mbox{\hyperlink{group__cmocka__param_ga32d73ef854fe7d833b39fa...
]
Underfull \hbox (badness 5036) in paragraph at lines 75--77
[]\T1/phv/m/n/10 #define \T1/phv/b/n/10 expect[]_[]not[]_[]in[]_[]range\T1/phv/
m/n/10 (function, pa-ram-e-ter, min-i-mum, max-i-mum)  expect[]_[]not[]_[]in[]_
[]range[]_[]
 []


Underfull \hbox (badness 5036) in paragraph at lines 78--80
[]\T1/phv/m/n/10 #define \T1/phv/b/n/10 expect[]_[]not[]_[]in[]_[]range\T1/phv/
m/n/10 (function, pa-ram-e-ter, min-i-mum, max-i-mum)  expect[]_[]not[]_[]in[]_
[]range[]_[]
 []

[25
pdfTeX warning (ext4): destination with the same identifier (name{group__cmocka
__param_ga8782b2b988f6b8b336f2b54905924d23}) has been already used, duplicate i
gnored
<argument> ...shipout:D \box_use:N \l_shipout_box 
                                                  \__shipout_drop_firstpage_...
l.114 \Hypertarget
                  {group__cmocka__param_ga4aeffd343fefec1d3ddc27d26dcf5490}\...

pdfTeX warning (ext4): destination with the same identifier (name{group__cmocka
__param_gabe41bc72b51ed48e78c40ac2af5d9478}) has been already used, duplicate i
gnored
<argument> ...shipout:D \box_use:N \l_shipout_box 
                                                  \__shipout_drop_firstpage_...
l.114 \Hypertarget
                  {group__cmocka__param_ga4aeffd343fefec1d3ddc27d26dcf5490}\...

pdfTeX warning (ext4): destination with the same identifier (name{group__cmocka
__param_gae613523137164d392a4f963562daeb5d}) has been already used, duplicate i
gnored
<argument> ...shipout:D \box_use:N \l_shipout_box 
                                                  \__shipout_drop_firstpage_...
l.114 \Hypertarget
                  {group__cmocka__param_ga4aeffd343fefec1d3ddc27d26dcf5490}\...

pdfTeX warning (ext4): destination with the same identifier (name{group__cmocka
__param_ga70af2c4899fb6bfad0b84b7c9aa3f041}) has been already used, duplicate i
gnored
<argument> ...shipout:D \box_use:N \l_shipout_box 
                                                  \__shipout_drop_firstpage_...
l.114 \Hypertarget
                  {group__cmocka__param_ga4aeffd343fefec1d3ddc27d26dcf5490}\...

pdfTeX warning (ext4): destination with the same identifier (name{group__cmocka
__param_ga91562e46f74db06f30cff32b0c135511}) has been already used, duplicate i
gnored
<argument> ...shipout:D \box_use:N \l_shipout_box 
                                                  \__shipout_drop_firstpage_...
l.114 \Hypertarget
                  {group__cmocka__param_ga4aeffd343fefec1d3ddc27d26dcf5490}\...

pdfTeX warning (ext4): destination with the same identifier (name{group__cmocka
__param_gac7238d7575129c6834eea33e94f48cbf}) has been already used, duplicate i
gnored
<argument> ...shipout:D \box_use:N \l_shipout_box 
                                                  \__shipout_drop_firstpage_...
l.114 \Hypertarget
                  {group__cmocka__param_ga4aeffd343fefec1d3ddc27d26dcf5490}\...

pdfTeX warning (ext4): destination with the same identifier (name{group__cmocka
__param_ga98129ce6a55f668a788bd851762fb4c6}) has been already used, duplicate i
gnored
<argument> ...shipout:D \box_use:N \l_shipout_box 
                                                  \__shipout_drop_firstpage_...
l.114 \Hypertarget
                  {group__cmocka__param_ga4aeffd343fefec1d3ddc27d26dcf5490}\...

pdfTeX warning (ext4): destination with the same identifier (name{group__cmocka
__param_gafc6725e85858b591a02d0acaf591a9c1}) has been already used, duplicate i
gnored
<argument> ...shipout:D \box_use:N \l_shipout_box 
                                                  \__shipout_drop_firstpage_...
l.114 \Hypertarget
                  {group__cmocka__param_ga4aeffd343fefec1d3ddc27d26dcf5490}\...

pdfTeX warning (ext4): destination with the same identifier (name{group__cmocka
__param_gaf0df5d9ce099eb1adaa083d6b312e0a8}) has been already used, duplicate i
gnored
<argument> ...shipout:D \box_use:N \l_shipout_box 
                                                  \__shipout_drop_firstpage_...
l.114 \Hypertarget
                  {group__cmocka__param_ga4aeffd343fefec1d3ddc27d26dcf5490}\...
] [26
pdfTeX warning (ext4): destination with the same identifier (name{group__cmocka
__param_ga2c2f33e4b6cc665e73b755f0ce8ac851}) has been already used, duplicate i
gnored
<argument> ...shipout:D \box_use:N \l_shipout_box 
                                                  \__shipout_drop_firstpage_...
l.207 \doxysubsubsubsection
                           {\texorpdfstring{check\_expected\_ptr}{check\_exp...

pdfTeX warning (ext4): destination with the same identifier (name{group__cmocka
__param_ga4aeffd343fefec1d3ddc27d26dcf5490}) has been already used, duplicate i
gnored
<argument> ...shipout:D \box_use:N \l_shipout_box 
                                                  \__shipout_drop_firstpage_...
l.207 \doxysubsubsubsection
                           {\texorpdfstring{check\_expected\_ptr}{check\_exp...

pdfTeX warning (ext4): destination with the same identifier (name{group__cmocka
__param_ga892af0d501f603e14e3d26b3f09fd8aa}) has been already used, duplicate i
gnored
<argument> ...shipout:D \box_use:N \l_shipout_box 
                                                  \__shipout_drop_firstpage_...
l.207 \doxysubsubsubsection
                           {\texorpdfstring{check\_expected\_ptr}{check\_exp...

pdfTeX warning (ext4): destination with the same identifier (name{group__cmocka
__param_ga2154830f7a9be7cfa625ef90fbc9d128}) has been already used, duplicate i
gnored
<argument> ...shipout:D \box_use:N \l_shipout_box 
                                                  \__shipout_drop_firstpage_...
l.207 \doxysubsubsubsection
                           {\texorpdfstring{check\_expected\_ptr}{check\_exp...

pdfTeX warning (ext4): destination with the same identifier (name{group__cmocka
__param_gae009bd026b303c0ba0fa19d723532367}) has been already used, duplicate i
gnored
<argument> ...shipout:D \box_use:N \l_shipout_box 
                                                  \__shipout_drop_firstpage_...
l.207 \doxysubsubsubsection
                           {\texorpdfstring{check\_expected\_ptr}{check\_exp...
] [27
pdfTeX warning (ext4): destination with the same identifier (name{group__cmocka
__param_gaf76c5ffc9f06fe66a338178a91964bf3}) has been already used, duplicate i
gnored
<argument> ...shipout:D \box_use:N \l_shipout_box 
                                                  \__shipout_drop_firstpage_...
l.269 
      
pdfTeX warning (ext4): destination with the same identifier (name{group__cmocka
__param_ga32d73ef854fe7d833b39fa0e4cbc4313}) has been already used, duplicate i
gnored
<argument> ...shipout:D \box_use:N \l_shipout_box 
                                                  \__shipout_drop_firstpage_...
l.269 
      ] [28
pdfTeX warning (ext4): destination with the same identifier (name{group__cmocka
__param_ga0add5bf1bff3e2ccc98e1ad5de82691c}) has been already used, duplicate i
gnored
<argument> ...shipout:D \box_use:N \l_shipout_box 
                                                  \__shipout_drop_firstpage_...
l.317 
      
pdfTeX warning (ext4): destination with the same identifier (name{group__cmocka
__param_ga86ddf759ad47f735eeb45ab02af5ba09}) has been already used, duplicate i
gnored
<argument> ...shipout:D \box_use:N \l_shipout_box 
                                                  \__shipout_drop_firstpage_...
l.317 
      ] [29
pdfTeX warning (ext4): destination with the same identifier (name{group__cmocka
__param_gae4e55b7867cde89fd250f32f8fb2ed06}) has been already used, duplicate i
gnored
<argument> ...shipout:D \box_use:N \l_shipout_box 
                                                  \__shipout_drop_firstpage_...
l.364 \doxysubsubsubsection
                           {\texorpdfstring{expect\_not\_in\_set\_count}{exp...

pdfTeX warning (ext4): destination with the same identifier (name{group__cmocka
__param_gaeb2494051abcdaf735fc287ebebbb4a3}) has been already used, duplicate i
gnored
<argument> ...shipout:D \box_use:N \l_shipout_box 
                                                  \__shipout_drop_firstpage_...
l.364 \doxysubsubsubsection
                           {\texorpdfstring{expect\_not\_in\_set\_count}{exp...
] [30
pdfTeX warning (ext4): destination with the same identifier (name{group__cmocka
__param_ga522bec5b0b5b603274370676e57f6dc0}) has been already used, duplicate i
gnored
<argument> ...shipout:D \box_use:N \l_shipout_box 
                                                  \__shipout_drop_firstpage_...
l.415 
      
pdfTeX warning (ext4): destination with the same identifier (name{group__cmocka
__param_gaf5070a1bb6a92d1b3ad0d082bb2e153b}) has been already used, duplicate i
gnored
<argument> ...shipout:D \box_use:N \l_shipout_box 
                                                  \__shipout_drop_firstpage_...
l.415 
      ] [31
pdfTeX warning (ext4): destination with the same identifier (name{group__cmocka
__param_ga5c2e1017bdeeec2cd95071073b57886e}) has been already used, duplicate i
gnored
<argument> ...shipout:D \box_use:N \l_shipout_box 
                                                  \__shipout_drop_firstpage_...
l.463 
      
pdfTeX warning (ext4): destination with the same identifier (name{group__cmocka
__param_ga0c19667f9755002d13cf7cb6057fe65e}) has been already used, duplicate i
gnored
<argument> ...shipout:D \box_use:N \l_shipout_box 
                                                  \__shipout_drop_firstpage_...
l.463 
      
pdfTeX warning (ext4): destination with the same identifier (name{group__cmocka
__param_gaf2627293dce3a0e99d404bff7667ee92}) has been already used, duplicate i
gnored
<argument> ...shipout:D \box_use:N \l_shipout_box 
                                                  \__shipout_drop_firstpage_...
l.463 
      ]) (./group__cmocka__asserts.tex <./group__cmocka__asserts.pdf>
<group__cmocka__asserts.pdf, id=742, 302.12875pt x 99.37125pt>
File: group__cmocka__asserts.pdf Graphic file (type pdf)
<use group__cmocka__asserts.pdf>
Package pdftex.def Info: group__cmocka__asserts.pdf  used on input line 8.
(pdftex.def)             Requested size: 301.0pt x 98.99951pt.
 [32
pdfTeX warning (ext4): destination with the same identifier (name{group__cmocka
__param_ga88b26660f9c9cdec0f28ee275fa8f749}) has been already used, duplicate i
gnored
<argument> ...shipout:D \box_use:N \l_shipout_box 
                                                  \__shipout_drop_firstpage_...
l.32 \#
       define \mbox{\hyperlink{group__cmocka__asserts_gae0bbcab80ab97fb400d8...
] [33
pdfTeX warning (ext4): destination with the same identifier (name{group__cmocka
__asserts_ga7df96aa5f5f895f35cc2f84411d643b0}) has been already used, duplicate
 ignored
<argument> ...shipout:D \box_use:N \l_shipout_box 
                                                  \__shipout_drop_firstpage_...
l.115 
      
pdfTeX warning (ext4): destination with the same identifier (name{group__cmocka
__asserts_ga831c33b0d53230e9f5542a2088e3312d}) has been already used, duplicate
 ignored
<argument> ...shipout:D \box_use:N \l_shipout_box 
                                                  \__shipout_drop_firstpage_...
l.115 
      ] [34
pdfTeX warning (ext4): destination with the same identifier (name{group__cmocka
__asserts_gaaca974acf80f1544acd8896a3faa402d}) has been already used, duplicate
 ignored
<argument> ...shipout:D \box_use:N \l_shipout_box 
                                                  \__shipout_drop_firstpage_...
l.183 
      
pdfTeX warning (ext4): destination with the same identifier (name{group__cmocka
__asserts_gad79a4fa5f70378862eccdd18e206293f}) has been already used, duplicate
 ignored
<argument> ...shipout:D \box_use:N \l_shipout_box 
                                                  \__shipout_drop_firstpage_...
l.183 
      ] [35
pdfTeX warning (ext4): destination with the same identifier (name{group__cmocka
__asserts_ga4ca6064e99d5a865b1b7f79391ffba68}) has been already used, duplicate
 ignored
<argument> ...shipout:D \box_use:N \l_shipout_box 
                                                  \__shipout_drop_firstpage_...
l.241 ...r{keywordtype}{float})b,\ \(\backslash\)}
                                                  
pdfTeX warning (ext4): destination with the same identifier (name{group__cmocka
__asserts_ga5610ddd815edecd1f08148e09d98fc37}) has been already used, duplicate
 ignored
<argument> ...shipout:D \box_use:N \l_shipout_box 
                                                  \__shipout_drop_firstpage_...
l.241 ...r{keywordtype}{float})b,\ \(\backslash\)}
                                                  
pdfTeX warning (ext4): destination with the same identifier (name{group__cmocka
__asserts_gae0bbcab80ab97fb400d81a2a17d06b19}) has been already used, duplicate
 ignored
<argument> ...shipout:D \box_use:N \l_shipout_box 
                                                  \__shipout_drop_firstpage_...
l.241 ...r{keywordtype}{float})b,\ \(\backslash\)}
                                                  ] [36
pdfTeX warning (ext4): destination with the same identifier (name{group__cmocka
__asserts_ga448ed2ee603a3be404ac7ea6a6096d09}) has been already used, duplicate
 ignored
<argument> ...shipout:D \box_use:N \l_shipout_box 
                                                  \__shipout_drop_firstpage_...
l.306 {\bfseries V
                  alue\+:}
pdfTeX warning (ext4): destination with the same identifier (name{group__cmocka
__asserts_gac31995a6393c6aef66d60b3850fc5f4d}) has been already used, duplicate
 ignored
<argument> ...shipout:D \box_use:N \l_shipout_box 
                                                  \__shipout_drop_firstpage_...
l.306 {\bfseries V
                  alue\+:}]
pdfTeX warning (ext4): destination with the same identifier (name{group__cmocka
__asserts_ga231fbb3638491f77825f3bbf68d5eb59}) has been already used, duplicate
 ignored
<to be read again> 
                   \relax 
l.313 ...serts_ga231fbb3638491f77825f3bbf68d5eb59}
                                                  \label{group__cmocka__asse...
[37
pdfTeX warning (ext4): destination with the same identifier (name{group__cmocka
__asserts_ga0392e6dea107d9c9d897fe7847ab6d19}) has been already used, duplicate
 ignored
<argument> ...shipout:D \box_use:N \l_shipout_box 
                                                  \__shipout_drop_firstpage_...
l.377 \doxysubsubsubsection
                           {\texorpdfstring{assert\_non\_null}{assert\_non\_...

pdfTeX warning (ext4): destination with the same identifier (name{group__cmocka
__asserts_gaca31cdde611bca193f51912c5f3a0d97}) has been already used, duplicate
 ignored
<argument> ...shipout:D \box_use:N \l_shipout_box 
                                                  \__shipout_drop_firstpage_...
l.377 \doxysubsubsubsection
                           {\texorpdfstring{assert\_non\_null}{assert\_non\_...
] [38
pdfTeX warning (ext4): destination with the same identifier (name{group__cmocka
__asserts_gae44d62210cb89257269021c435b55ea5}) has been already used, duplicate
 ignored
<argument> ...shipout:D \box_use:N \l_shipout_box 
                                                  \__shipout_drop_firstpage_...
l.443 
      
pdfTeX warning (ext4): destination with the same identifier (name{group__cmocka
__asserts_ga004ef170c4e0b8182a74435bbb16db2c}) has been already used, duplicate
 ignored
<argument> ...shipout:D \box_use:N \l_shipout_box 
                                                  \__shipout_drop_firstpage_...
l.443 
      ] [39
pdfTeX warning (ext4): destination with the same identifier (name{group__cmocka
__asserts_gada8625ecf9ccdbc48398aee7f78245cb}) has been already used, duplicate
 ignored
<argument> ...shipout:D \box_use:N \l_shipout_box 
                                                  \__shipout_drop_firstpage_...
l.507 
      
pdfTeX warning (ext4): destination with the same identifier (name{group__cmocka
__asserts_gae61cea927ec5c4a1ad6fb337a4df30a5}) has been already used, duplicate
 ignored
<argument> ...shipout:D \box_use:N \l_shipout_box 
                                                  \__shipout_drop_firstpage_...
l.507 
      
pdfTeX warning (ext4): destination with the same identifier (name{group__cmocka
__asserts_gab64c8332d7f078cd44260b6bab422f00}) has been already used, duplicate
 ignored
<argument> ...shipout:D \box_use:N \l_shipout_box 
                                                  \__shipout_drop_firstpage_...
l.507 
      ] [40
pdfTeX warning (ext4): destination with the same identifier (name{group__cmocka
__asserts_ga4db2675db965bd10c7adef276bb6aaea}) has been already used, duplicate
 ignored
<argument> ...shipout:D \box_use:N \l_shipout_box 
                                                  \__shipout_drop_firstpage_...
l.571 
      
pdfTeX warning (ext4): destination with the same identifier (name{group__cmocka
__asserts_ga30969b834c48829d76ec92c21aa9941c}) has been already used, duplicate
 ignored
<argument> ...shipout:D \box_use:N \l_shipout_box 
                                                  \__shipout_drop_firstpage_...
l.571 
      ]) (./group__cmocka__call__order.tex <./group__cmocka__call__order.pdf>
<group__cmocka__call__order.pdf, id=890, 298.11375pt x 99.37125pt>
File: group__cmocka__call__order.pdf Graphic file (type pdf)
<use group__cmocka__call__order.pdf>
Package pdftex.def Info: group__cmocka__call__order.pdf  used on input line 8.
(pdftex.def)             Requested size: 297.0pt x 99.00557pt.

[41
pdfTeX warning (ext4): destination with the same identifier (name{group__cmocka
__asserts_ga1779f2c99e681290d4d02d197c00e06c}) has been already used, duplicate
 ignored
<argument> ...shipout:D \box_use:N \l_shipout_box 
                                                  \__shipout_drop_firstpage_...
l.32 \Hypertarget
                 {group__cmocka__call__order_gabaf804f96e99492efe8e1dddc34cd...

pdfTeX warning (ext4): destination with the same identifier (name{group__cmocka
__asserts_gafaacfa3c89570db4347841e4497d3636}) has been already used, duplicate
 ignored
<argument> ...shipout:D \box_use:N \l_shipout_box 
                                                  \__shipout_drop_firstpage_...
l.32 \Hypertarget
                 {group__cmocka__call__order_gabaf804f96e99492efe8e1dddc34cd...
]) (./group__cmocka__exec.tex <./group__cmocka__exec.pdf>
<group__cmocka__exec.pdf, id=910, 301.125pt x 99.37125pt>
File: group__cmocka__exec.pdf Graphic file (type pdf)
<use group__cmocka__exec.pdf>
Package pdftex.def Info: group__cmocka__exec.pdf  used on input line 8.
(pdftex.def)             Requested size: 300.0pt x 99.0086pt.
 [42
pdfTeX warning (ext4): destination with the same identifier (name{group__cmocka
__call__order_ga247f5b7faba315b80a9bb4b2a8824e80}) has been already used, dupli
cate ignored
<argument> ...shipout:D \box_use:N \l_shipout_box 
                                                  \__shipout_drop_firstpage_...
l.11 \doxysubsubsubsection
                          *{Macros}
pdfTeX warning (ext4): destination with the same identifier (name{group__cmocka
__call__order_ga68094d605c49fe790190b3ee613522b4}) has been already used, dupli
cate ignored
<argument> ...shipout:D \box_use:N \l_shipout_box 
                                                  \__shipout_drop_firstpage_...
l.11 \doxysubsubsubsection
                          *{Macros}
pdfTeX warning (ext4): destination with the same identifier (name{group__cmocka
__call__order_gafe9bec12f39aef833757377a65948869}) has been already used, dupli
cate ignored
<argument> ...shipout:D \box_use:N \l_shipout_box 
                                                  \__shipout_drop_firstpage_...
l.11 \doxysubsubsubsection
                          *{Macros}
pdfTeX warning (ext4): destination with the same identifier (name{group__cmocka
__call__order_gabaf804f96e99492efe8e1dddc34cd326}) has been already used, dupli
cate ignored
<argument> ...shipout:D \box_use:N \l_shipout_box 
                                                  \__shipout_drop_firstpage_...
l.11 \doxysubsubsubsection
                          *{Macros}
pdfTeX warning (ext4): destination with the same identifier (name{group__cmocka
__call__order_ga7caada40dc8863175475ea21dff26fdf}) has been already used, dupli
cate ignored
<argument> ...shipout:D \box_use:N \l_shipout_box 
                                                  \__shipout_drop_firstpage_...
l.11 \doxysubsubsubsection
                          *{Macros}]
Underfull \hbox (badness 927) in paragraph at lines 27--29
\T1/phv/m/n/10 _[]tests(#group[]_[]tests, group[]_[]tests, sizeof(group[]_[]tes
ts) / sizeof((group[]_[]tests)[]0[]), group[]_[]setup, group[]_[]
 []


Underfull \hbox (badness 927) in paragraph at lines 30--32
\T1/phv/m/n/10 _[]tests(#group[]_[]tests, group[]_[]tests, sizeof(group[]_[]tes
ts) / sizeof((group[]_[]tests)[]0[]), group[]_[]setup, group[]_[]
 []

[43
pdfTeX warning (ext4): destination with the same identifier (name{group__cmocka
__exec_ga3679e42b787d2f1e4649b59121a6f4a1}) has been already used, duplicate ig
nored
<argument> ...shipout:D \box_use:N \l_shipout_box 
                                                  \__shipout_drop_firstpage_...
l.83 \Hypertarget
                 {group__cmocka__exec_ga3459ccdfa6d086981173318ef8bca35d}\la...

pdfTeX warning (ext4): destination with the same identifier (name{group__cmocka
__exec_gaa23195d0d5358670867aaa8ed9ba8e01}) has been already used, duplicate ig
nored
<argument> ...shipout:D \box_use:N \l_shipout_box 
                                                  \__shipout_drop_firstpage_...
l.83 \Hypertarget
                 {group__cmocka__exec_ga3459ccdfa6d086981173318ef8bca35d}\la...

pdfTeX warning (ext4): destination with the same identifier (name{group__cmocka
__exec_ga85cfe301d4c23b9180d36c629895a4b9}) has been already used, duplicate ig
nored
<argument> ...shipout:D \box_use:N \l_shipout_box 
                                                  \__shipout_drop_firstpage_...
l.83 \Hypertarget
                 {group__cmocka__exec_ga3459ccdfa6d086981173318ef8bca35d}\la...

pdfTeX warning (ext4): destination with the same identifier (name{group__cmocka
__exec_ga6ee568a92286ba90e697f6fdc246e3b4}) has been already used, duplicate ig
nored
<argument> ...shipout:D \box_use:N \l_shipout_box 
                                                  \__shipout_drop_firstpage_...
l.83 \Hypertarget
                 {group__cmocka__exec_ga3459ccdfa6d086981173318ef8bca35d}\la...

pdfTeX warning (ext4): destination with the same identifier (name{group__cmocka
__exec_ga73a3b169ac8c3419cbe15327e75ffcfd}) has been already used, duplicate ig
nored
<argument> ...shipout:D \box_use:N \l_shipout_box 
                                                  \__shipout_drop_firstpage_...
l.83 \Hypertarget
                 {group__cmocka__exec_ga3459ccdfa6d086981173318ef8bca35d}\la...
] [44
pdfTeX warning (ext4): destination with the same identifier (name{group__cmocka
__exec_ga3459ccdfa6d086981173318ef8bca35d}) has been already used, duplicate ig
nored
<argument> ...shipout:D \box_use:N \l_shipout_box 
                                                  \__shipout_drop_firstpage_...
l.169 
      
pdfTeX warning (ext4): destination with the same identifier (name{group__cmocka
__exec_gaa6b02a244522b0626447a2a97c517a88}) has been already used, duplicate ig
nored
<argument> ...shipout:D \box_use:N \l_shipout_box 
                                                  \__shipout_drop_firstpage_...
l.169 
      
pdfTeX warning (ext4): destination with the same identifier (name{group__cmocka
__exec_ga2c863d3ecc2d4873b355af3cb7996939}) has been already used, duplicate ig
nored
<argument> ...shipout:D \box_use:N \l_shipout_box 
                                                  \__shipout_drop_firstpage_...
l.169 
      
pdfTeX warning (ext4): destination with the same identifier (name{group__cmocka
__exec_ga16a13f6e5592bf5bf3f678e8f950f953}) has been already used, duplicate ig
nored
<argument> ...shipout:D \box_use:N \l_shipout_box 
                                                  \__shipout_drop_firstpage_...
l.169 
      
pdfTeX warning (ext4): destination with the same identifier (name{group__cmocka
__exec_ga562719c550b5ce277aab6b0371f7f34f}) has been already used, duplicate ig
nored
<argument> ...shipout:D \box_use:N \l_shipout_box 
                                                  \__shipout_drop_firstpage_...
l.169 
      ]
Underfull \hbox (badness 10000) detected at line 170
[][][]
 []


Underfull \hbox (badness 10000) detected at line 179
[][][]
 []


Underfull \hbox (badness 10000) detected at line 188
[][][]
 []

[45
pdfTeX warning (ext4): destination with the same identifier (name{group__cmocka
__exec_ga4d54508b0b7150afb27b4da38f0015c6}) has been already used, duplicate ig
nored
<argument> ...shipout:D \box_use:N \l_shipout_box 
                                                  \__shipout_drop_firstpage_...
l.197 ...if none was given. \begin{DoxyNote}{Note}
                                                  
pdfTeX warning (ext4): destination with the same identifier (name{group__cmocka
__exec_ga07ea44503d0f6c84c460b4a878cf31d5}) has been already used, duplicate ig
nored
<argument> ...shipout:D \box_use:N \l_shipout_box 
                                                  \__shipout_drop_firstpage_...
l.197 ...if none was given. \begin{DoxyNote}{Note}
                                                  ]
Underfull \hbox (badness 10000) detected at line 197
[][][]
 []

[46
pdfTeX warning (ext4): destination with the same identifier (name{group__cmocka
__exec_gaaccacc105038e49462888a3ededa28c5}) has been already used, duplicate ig
nored
<argument> ...shipout:D \box_use:N \l_shipout_box 
                                                  \__shipout_drop_firstpage_...
l.235 
      
pdfTeX warning (ext4): destination with the same identifier (name{group__cmocka
__exec_gab9e5396c9a424ccbb5d30e6d421fd066}) has been already used, duplicate ig
nored
<argument> ...shipout:D \box_use:N \l_shipout_box 
                                                  \__shipout_drop_firstpage_...
l.235 
      ]
Underfull \hbox (badness 10000) in paragraph at lines 294--295
|   \T1/pcr/m/sl/8 teardown \T1/pcr/m/n/8 )  { "group[]_[]" #teardown, teardown
, UNIT[]_[][]TEST[]_[][]FUNCTION[]_[][]TYPE[]_[][]GROUP[]_[][]
 []

[47
pdfTeX warning (ext4): destination with the same identifier (name{group__cmocka
__exec_ga9b0d5ed78ddeba6d9aaa9a692cda426b}) has been already used, duplicate ig
nored
<argument> ...shipout:D \box_use:N \l_shipout_box 
                                                  \__shipout_drop_firstpage_...
l.295 
      
pdfTeX warning (ext4): destination with the same identifier (name{group__cmocka
__exec_ga6da2355538bde0b4d5fe89b1fbc95899}) has been already used, duplicate ig
nored
<argument> ...shipout:D \box_use:N \l_shipout_box 
                                                  \__shipout_drop_firstpage_...
l.295 
      
pdfTeX warning (ext4): destination with the same identifier (name{group__cmocka
__exec_ga246dbcbb338e4becbfef009b2bb14b78}) has been already used, duplicate ig
nored
<argument> ...shipout:D \box_use:N \l_shipout_box 
                                                  \__shipout_drop_firstpage_...
l.295 
      ]
Underfull \hbox (badness 10000) in paragraph at lines 310--311
|   \T1/pcr/m/sl/8 teardown \T1/pcr/m/n/8 )  { "group[]_[]" #teardown, teardown
, UNIT[]_[][]TEST[]_[][]FUNCTION[]_[][]TYPE[]_[][]GROUP[]_[][]
 []

[48
pdfTeX warning (ext4): destination with the same identifier (name{group__cmocka
__exec_ga03159d4169e85cb92bb0eba97cfcf18d}) has been already used, duplicate ig
nored
<argument> ...shipout:D \box_use:N \l_shipout_box 
                                                  \__shipout_drop_firstpage_...
l.348 {\bfseries V
                  alue\+:}
pdfTeX warning (ext4): destination with the same identifier (name{group__cmocka
__exec_gaf79fe61343efe7cdeb5bbb12a5577cb3}) has been already used, duplicate ig
nored
<argument> ...shipout:D \box_use:N \l_shipout_box 
                                                  \__shipout_drop_firstpage_...
l.348 {\bfseries V
                  alue\+:}] [49
pdfTeX warning (ext4): destination with the same identifier (name{group__cmocka
__exec_gaf005639a9b71cced47ce4708e53912d9}) has been already used, duplicate ig
nored
<argument> ...shipout:D \box_use:N \l_shipout_box 
                                                  \__shipout_drop_firstpage_...
l.410 
      ] [50
pdfTeX warning (ext4): destination with the same identifier (name{group__cmocka
__exec_gaee80106db018434c00df4ba235415b26}) has been already used, duplicate ig
nored
<argument> ...shipout:D \box_use:N \l_shipout_box 
                                                  \__shipout_drop_firstpage_...
l.454 ... \ \ \ unit\_test(test),\ \(\backslash\)}
                                                  
pdfTeX warning (ext4): destination with the same identifier (name{group__cmocka
__exec_ga3fe0f3c69fb85843701876937b7217f4}) has been already used, duplicate ig
nored
<argument> ...shipout:D \box_use:N \l_shipout_box 
                                                  \__shipout_drop_firstpage_...
l.454 ... \ \ \ unit\_test(test),\ \(\backslash\)}
                                                  ])
(./group__cmocka__alloc.tex <./group__cmocka__alloc.pdf>
<group__cmocka__alloc.pdf, id=1092, 372.39125pt x 99.37125pt>
File: group__cmocka__alloc.pdf Graphic file (type pdf)
<use group__cmocka__alloc.pdf>
Package pdftex.def Info: group__cmocka__alloc.pdf  used on input line 8.
(pdftex.def)             Requested size: 350.0pt x 93.39987pt.
)
(./group__cmocka__mock__assert.tex <./group__cmocka__mock__assert.pdf>
<group__cmocka__mock__assert.pdf, id=1100, 332.24126pt x 99.37125pt>
File: group__cmocka__mock__assert.pdf Graphic file (type pdf)
<use group__cmocka__mock__assert.pdf>
Package pdftex.def Info: group__cmocka__mock__assert.pdf  used on input line 8.

(pdftex.def)             Requested size: 331.0pt x 99.00557pt.
 [51
pdfTeX warning (ext4): destination with the same identifier (name{group__cmocka
__alloc_ga02b206ae46eca6b6edd38fbc7de50cba}) has been already used, duplicate i
gnored
<argument> ...shipout:D \box_use:N \l_shipout_box 
                                                  \__shipout_drop_firstpage_...
l.11 \doxysubsubsubsection
                          *{Macros}
pdfTeX warning (ext4): destination with the same identifier (name{group__cmocka
__alloc_gaf73e539580781a60f70bff5cc58c023f}) has been already used, duplicate i
gnored
<argument> ...shipout:D \box_use:N \l_shipout_box 
                                                  \__shipout_drop_firstpage_...
l.11 \doxysubsubsubsection
                          *{Macros}
pdfTeX warning (ext4): destination with the same identifier (name{group__cmocka
__alloc_gabc8968063b748336a76111930e0bf31d}) has been already used, duplicate i
gnored
<argument> ...shipout:D \box_use:N \l_shipout_box 
                                                  \__shipout_drop_firstpage_...
l.11 \doxysubsubsubsection
                          *{Macros}
pdfTeX warning (ext4): destination with the same identifier (name{group__cmocka
__alloc_gadf150db9dfdc0479bc8792020472c1f1}) has been already used, duplicate i
gnored
<argument> ...shipout:D \box_use:N \l_shipout_box 
                                                  \__shipout_drop_firstpage_...
l.11 \doxysubsubsubsection
                          *{Macros}] [52
pdfTeX warning (ext4): destination with the same identifier (name{group__cmocka
__mock__assert_ga1674f9bfd19db8683493dce46578d73f}) has been already used, dupl
icate ignored
<argument> ...shipout:D \box_use:N \l_shipout_box 
                                                  \__shipout_drop_firstpage_...
l.66 ...{\ \ \ \ if\ (result)\ \{\ \(\backslash\)}
                                                  ]

Package longtable Warning: Column widths have changed
(longtable)                in table 8.4 on input line 104.


Underfull \hbox (badness 10000) detected at line 124
[][][]
 []

)) (./group__DigestSystem.tex [53]) (./group__BaseAnswer.tex <./group__BaseAnsw
er.pdf>
<group__BaseAnswer.pdf, id=1170, 328.22626pt x 110.4125pt>
File: group__BaseAnswer.pdf Graphic file (type pdf)
<use group__BaseAnswer.pdf>
Package pdftex.def Info: group__BaseAnswer.pdf  used on input line 8.
(pdftex.def)             Requested size: 327.0pt x 110.00113pt.
 [54
pdfTeX warning (ext4): destination with the same identifier (name{group__Digest
System_ga2f8b0c5ece705f1dfb32384d154b7552}) has been already used, duplicate ig
nored
<argument> ...shipout:D \box_use:N \l_shipout_box 
                                                  \__shipout_drop_firstpage_...
l.21 s
      truct \mbox{\hyperlink{struct__t__baseansr}{\+\_\+t\+\_\+baseansr}}
pdfTeX warning (ext4): destination with the same identifier (name{group__Digest
System_gaf8fb26bade7db23d02030fbc47684b46}) has been already used, duplicate ig
nored
<argument> ...shipout:D \box_use:N \l_shipout_box 
                                                  \__shipout_drop_firstpage_...
l.21 s
      truct \mbox{\hyperlink{struct__t__baseansr}{\+\_\+t\+\_\+baseansr}}
pdfTeX warning (ext4): destination with the same identifier (name{group__Digest
System_ga9cfb9654f5feaa1727c7f41f0fe36678}) has been already used, duplicate ig
nored
<argument> ...shipout:D \box_use:N \l_shipout_box 
                                                  \__shipout_drop_firstpage_...
l.21 s
      truct \mbox{\hyperlink{struct__t__baseansr}{\+\_\+t\+\_\+baseansr}}]
LaTeX Font Info:    Font shape `T1/phv/m/it' in size <7> not available
(Font)              Font shape `T1/phv/m/sl' tried instead on input line 71.
LaTeX Font Info:    Font shape `T1/phv/m/sl' will be
(Font)              scaled to size 6.29996pt on input line 71.

[55] [56
pdfTeX warning (ext4): destination with the same identifier (name{group__BaseAn
swer_ga267dda722d319c03362c88544e733168}) has been already used, duplicate igno
red
<argument> ...shipout:D \box_use:N \l_shipout_box 
                                                  \__shipout_drop_firstpage_...
l.158 S
       BCStatus \mbox{\hyperlink{group__BaseAnswer_ga771842561f61acb4ca58e01...

pdfTeX warning (ext4): destination with the same identifier (name{group__BaseAn
swer_ga01ca6243bd2b8b96c7fa51270766b94b}) has been already used, duplicate igno
red
<argument> ...shipout:D \box_use:N \l_shipout_box 
                                                  \__shipout_drop_firstpage_...
l.158 S
       BCStatus \mbox{\hyperlink{group__BaseAnswer_ga771842561f61acb4ca58e01...

pdfTeX warning (ext4): destination with the same identifier (name{group__BaseAn
swer_gad02f9bd982d75d5bac3d370ac99131e3}) has been already used, duplicate igno
red
<argument> ...shipout:D \box_use:N \l_shipout_box 
                                                  \__shipout_drop_firstpage_...
l.158 S
       BCStatus \mbox{\hyperlink{group__BaseAnswer_ga771842561f61acb4ca58e01...

pdfTeX warning (ext4): destination with the same identifier (name{group__BaseAn
swer_ga614550ab5216c775c41de97e9f344f6d}) has been already used, duplicate igno
red
<argument> ...shipout:D \box_use:N \l_shipout_box 
                                                  \__shipout_drop_firstpage_...
l.158 S
       BCStatus \mbox{\hyperlink{group__BaseAnswer_ga771842561f61acb4ca58e01...

pdfTeX warning (ext4): destination with the same identifier (name{group__BaseAn
swer_ga01f77a3e69973acf5d09ad3e1643318d}) has been already used, duplicate igno
red
<argument> ...shipout:D \box_use:N \l_shipout_box 
                                                  \__shipout_drop_firstpage_...
l.158 S
       BCStatus \mbox{\hyperlink{group__BaseAnswer_ga771842561f61acb4ca58e01...

pdfTeX warning (ext4): destination with the same identifier (name{group__BaseAn
swer_ga471f3d2c8c25a434349b0d6ebf2d3f23}) has been already used, duplicate igno
red
<argument> ...shipout:D \box_use:N \l_shipout_box 
                                                  \__shipout_drop_firstpage_...
l.158 S
       BCStatus \mbox{\hyperlink{group__BaseAnswer_ga771842561f61acb4ca58e01...
] [57] [58] [59
pdfTeX warning (ext4): destination with the same identifier (name{group__BaseAn
swer_gabf27e27b8df1a91d8b97d99e0be0cb1b}) has been already used, duplicate igno
red
<argument> ...shipout:D \box_use:N \l_shipout_box 
                                                  \__shipout_drop_firstpage_...
l.394 B
       ase Answer encryption/decryption key strength (in bytes).
pdfTeX warning (ext4): destination with the same identifier (name{group__BaseAn
swer_ga4c6c5ff58e035d9347f00abe682716f5}) has been already used, duplicate igno
red
<argument> ...shipout:D \box_use:N \l_shipout_box 
                                                  \__shipout_drop_firstpage_...
l.394 B
       ase Answer encryption/decryption key strength (in bytes).
pdfTeX warning (ext4): destination with the same identifier (name{group__BaseAn
swer_ga837d78946cde3f9d1e30b39c6c65a2f6}) has been already used, duplicate igno
red
<argument> ...shipout:D \box_use:N \l_shipout_box 
                                                  \__shipout_drop_firstpage_...
l.394 B
       ase Answer encryption/decryption key strength (in bytes).] [60
pdfTeX warning (ext4): destination with the same identifier (name{group__BaseAn
swer_gad15de8430dc7d4a984b05fd62370946a}) has been already used, duplicate igno
red
<argument> ...shipout:D \box_use:N \l_shipout_box 
                                                  \__shipout_drop_firstpage_...
l.450 L
       ength of the Base Answer data stream (in bytes).
pdfTeX warning (ext4): destination with the same identifier (name{group__BaseAn
swer_ga2fdd5e105fc2a8a8189513cb1679313a}) has been already used, duplicate igno
red
<argument> ...shipout:D \box_use:N \l_shipout_box 
                                                  \__shipout_drop_firstpage_...
l.450 L
       ength of the Base Answer data stream (in bytes).] [61
pdfTeX warning (ext4): destination with the same identifier (name{group__BaseAn
swer_ga8edf430c239fa9c0e265d5b7bb1ef85d}) has been already used, duplicate igno
red
<argument> ...shipout:D \box_use:N \l_shipout_box 
                                                  \__shipout_drop_firstpage_...
l.504 D
       efault length of the base answer (in bytes).
pdfTeX warning (ext4): destination with the same identifier (name{group__BaseAn
swer_ga04cfafb08a311a3ed34f622140d7b279}) has been already used, duplicate igno
red
<argument> ...shipout:D \box_use:N \l_shipout_box 
                                                  \__shipout_drop_firstpage_...
l.504 D
       efault length of the base answer (in bytes).
pdfTeX warning (ext4): destination with the same identifier (name{group__BaseAn
swer_gae1b76ef4123c7c8856c94d52b6c1e448}) has been already used, duplicate igno
red
<argument> ...shipout:D \box_use:N \l_shipout_box 
                                                  \__shipout_drop_firstpage_...
l.504 D
       efault length of the base answer (in bytes).]
Underfull \hbox (badness 10000) detected at line 519
[][][]
 []


Package longtable Warning: Column widths have changed
(longtable)                in table 8.5 on input line 526.

[62
pdfTeX warning (ext4): destination with the same identifier (name{group__BaseAn
swer_ga271f2c61e3fec89398a7f36f6b214cca}) has been already used, duplicate igno
red
<argument> ...shipout:D \box_use:N \l_shipout_box 
                                                  \__shipout_drop_firstpage_...
l.533 \begin{DoxyAuthor}{Author}
                                ]
Underfull \hbox (badness 10000) detected at line 533
[][][]
 []


Package longtable Warning: Column widths have changed
(longtable)                in table 8.6 on input line 540.


Underfull \hbox (badness 10000) detected at line 551
[][][]
 []


Package longtable Warning: Column widths have changed
(longtable)                in table 8.7 on input line 558.


Package longtable Warning: Column widths have changed
(longtable)                in table 8.8 on input line 581.


Package longtable Warning: Column widths have changed
(longtable)                in table 8.9 on input line 594.

[63]
Underfull \hbox (badness 10000) detected at line 603
[][][]
 []


Package longtable Warning: Column widths have changed
(longtable)                in table 8.10 on input line 613.


Underfull \hbox (badness 10000) detected at line 614
[][][]
 []

 <./group__BaseAnswer_ga57fdd7473af18155214cbb37f170ecb6_icgraph.pdf>
<group__BaseAnswer_ga57fdd7473af18155214cbb37f170ecb6_icgraph.pdf, id=1492, 390
.45876pt x 99.37125pt>
File: group__BaseAnswer_ga57fdd7473af18155214cbb37f170ecb6_icgraph.pdf Graphic 
file (type pdf)
<use group__BaseAnswer_ga57fdd7473af18155214cbb37f170ecb6_icgraph.pdf>
Package pdftex.def Info: group__BaseAnswer_ga57fdd7473af18155214cbb37f170ecb6_i
cgraph.pdf  used on input line 622.
(pdftex.def)             Requested size: 350.0pt x 89.07848pt.
 [64]

Package longtable Warning: Column widths have changed
(longtable)                in table 8.11 on input line 653.


Package longtable Warning: Column widths have changed
(longtable)                in table 8.12 on input line 666.


Underfull \hbox (badness 10000) detected at line 667
[][][]
 []


Underfull \hbox (badness 10000) detected at line 670
[][][]
 []

 <./group__BaseAnswer_gad993c7407ff302f90f0b4bbf4a618db2_cgraph.pdf>
<group__BaseAnswer_gad993c7407ff302f90f0b4bbf4a618db2_cgraph.pdf, id=1510, 585.
18625pt x 136.51pt>
File: group__BaseAnswer_gad993c7407ff302f90f0b4bbf4a618db2_cgraph.pdf Graphic f
ile (type pdf)
<use group__BaseAnswer_gad993c7407ff302f90f0b4bbf4a618db2_cgraph.pdf>
Package pdftex.def Info: group__BaseAnswer_gad993c7407ff302f90f0b4bbf4a618db2_c
graph.pdf  used on input line 680.
(pdftex.def)             Requested size: 350.0pt x 81.65042pt.

Underfull \hbox (badness 10000) detected at line 693
[][][]
 []

[65]

Package longtable Warning: Column widths have changed
(longtable)                in table 8.13 on input line 704.


Underfull \hbox (badness 10000) detected at line 705
[][][]
 []

 <./group__BaseAnswer_gadac983e333f364bf0976a9ceca1f9630_cgraph.pdf>
<group__BaseAnswer_gadac983e333f364bf0976a9ceca1f9630_cgraph.pdf, id=1528, 422.
57875pt x 99.37125pt>
File: group__BaseAnswer_gadac983e333f364bf0976a9ceca1f9630_cgraph.pdf Graphic f
ile (type pdf)
<use group__BaseAnswer_gadac983e333f364bf0976a9ceca1f9630_cgraph.pdf>
Package pdftex.def Info: group__BaseAnswer_gadac983e333f364bf0976a9ceca1f9630_c
graph.pdf  used on input line 713.
(pdftex.def)             Requested size: 350.0pt x 82.30676pt.


Package longtable Warning: Column widths have changed
(longtable)                in table 8.14 on input line 730.


Package longtable Warning: Column widths have changed
(longtable)                in table 8.15 on input line 741.


Underfull \hbox (badness 10000) detected at line 742
[][][]
 []

 <./group__BaseAnswer_gabc62c881d2dc4feb5a902de829dd27b4_icgraph.pdf>
<group__BaseAnswer_gabc62c881d2dc4feb5a902de829dd27b4_icgraph.pdf, id=1536, 602
.25pt x 154.5775pt>
File: group__BaseAnswer_gabc62c881d2dc4feb5a902de829dd27b4_icgraph.pdf Graphic 
file (type pdf)
<use group__BaseAnswer_gabc62c881d2dc4feb5a902de829dd27b4_icgraph.pdf>
Package pdftex.def Info: group__BaseAnswer_gabc62c881d2dc4feb5a902de829dd27b4_i
cgraph.pdf  used on input line 752.
(pdftex.def)             Requested size: 350.0pt x 89.83661pt.
 [66]
Underfull \hbox (badness 10000) detected at line 765
[][][]
 []


Package longtable Warning: Column widths have changed
(longtable)                in table 8.16 on input line 772.


Underfull \hbox (badness 10000) detected at line 773
[][][]
 []


Underfull \hbox (badness 10000) in paragraph at lines 774--775

 []

 <./group__BaseAnswer_gafc1ce4080717748806d1bc8f57ecad3c_icgraph.pdf>
<group__BaseAnswer_gafc1ce4080717748806d1bc8f57ecad3c_icgraph.pdf, id=1555, 372
.39125pt x 99.37125pt>
File: group__BaseAnswer_gafc1ce4080717748806d1bc8f57ecad3c_icgraph.pdf Graphic 
file (type pdf)
<use group__BaseAnswer_gafc1ce4080717748806d1bc8f57ecad3c_icgraph.pdf>
Package pdftex.def Info: group__BaseAnswer_gafc1ce4080717748806d1bc8f57ecad3c_i
cgraph.pdf  used on input line 782.
(pdftex.def)             Requested size: 350.0pt x 93.39987pt.
 [67]
Underfull \hbox (badness 10000) detected at line 795
[][][]
 []


Package longtable Warning: Column widths have changed
(longtable)                in table 8.17 on input line 810.


Underfull \hbox (badness 10000) detected at line 811
[][][]
 []

 <./group__BaseAnswer_ga32539efbcb50a39a50a0272e65b29653_cgraph.pdf>
<group__BaseAnswer_ga32539efbcb50a39a50a0272e65b29653_cgraph.pdf, id=1572, 545.
03625pt x 99.37125pt>
File: group__BaseAnswer_ga32539efbcb50a39a50a0272e65b29653_cgraph.pdf Graphic f
ile (type pdf)
<use group__BaseAnswer_ga32539efbcb50a39a50a0272e65b29653_cgraph.pdf>
Package pdftex.def Info: group__BaseAnswer_ga32539efbcb50a39a50a0272e65b29653_c
graph.pdf  used on input line 819.
(pdftex.def)             Requested size: 350.0pt x 63.81117pt.

Underfull \hbox (badness 10000) detected at line 828
[][][]
 []

[68]

Package longtable Warning: Column widths have changed
(longtable)                in table 8.18 on input line 845.


Underfull \hbox (badness 10000) detected at line 846
[][][]
 []

 <./group__BaseAnswer_ga6fc4f3638ff1e63bf4790c05ff6025ce_cgraph.pdf>
<group__BaseAnswer_ga6fc4f3638ff1e63bf4790c05ff6025ce_cgraph.pdf, id=1589, 405.
515pt x 99.37125pt>
File: group__BaseAnswer_ga6fc4f3638ff1e63bf4790c05ff6025ce_cgraph.pdf Graphic f
ile (type pdf)
<use group__BaseAnswer_ga6fc4f3638ff1e63bf4790c05ff6025ce_cgraph.pdf>
Package pdftex.def Info: group__BaseAnswer_ga6fc4f3638ff1e63bf4790c05ff6025ce_c
graph.pdf  used on input line 859.
(pdftex.def)             Requested size: 350.0pt x 85.76996pt.
 <./group__BaseAnswer_ga6fc4f3638ff1e63bf4790c05ff6025ce_icgraph.pdf>
<group__BaseAnswer_ga6fc4f3638ff1e63bf4790c05ff6025ce_icgraph.pdf, id=1597, 378
.41376pt x 136.51pt>
File: group__BaseAnswer_ga6fc4f3638ff1e63bf4790c05ff6025ce_icgraph.pdf Graphic 
file (type pdf)
<use group__BaseAnswer_ga6fc4f3638ff1e63bf4790c05ff6025ce_icgraph.pdf>
Package pdftex.def Info: group__BaseAnswer_ga6fc4f3638ff1e63bf4790c05ff6025ce_i
cgraph.pdf  used on input line 867.
(pdftex.def)             Requested size: 350.0pt x 126.26143pt.

Underfull \hbox (badness 10000) detected at line 878
[][][]
 []

[69]

Package longtable Warning: Column widths have changed
(longtable)                in table 8.19 on input line 885.


Underfull \hbox (badness 10000) detected at line 886
[][][]
 []


Underfull \hbox (badness 10000) detected at line 889
[][][]
 []


Underfull \hbox (badness 10000) detected at line 902
[][][]
 []


Package longtable Warning: Column widths have changed
(longtable)                in table 8.20 on input line 912.


Underfull \hbox (badness 10000) detected at line 913
[][][]
 []


Underfull \hbox (badness 10000) detected at line 922
[][][]
 []

[70]

Package longtable Warning: Column widths have changed
(longtable)                in table 8.21 on input line 933.


Underfull \hbox (badness 10000) detected at line 934
[][][]
 []


Underfull \hbox (badness 10000) detected at line 947
[][][]
 []


Package longtable Warning: Column widths have changed
(longtable)                in table 8.22 on input line 962.


Underfull \hbox (badness 10000) detected at line 963
[][][]
 []

 <./group__BaseAnswer_ga3ea832a71eedfaf6ac74391d417c26f7_icgraph.pdf>
<group__BaseAnswer_ga3ea832a71eedfaf6ac74391d417c26f7_icgraph.pdf, id=1622, 364
.36125pt x 99.37125pt>
File: group__BaseAnswer_ga3ea832a71eedfaf6ac74391d417c26f7_icgraph.pdf Graphic 
file (type pdf)
<use group__BaseAnswer_ga3ea832a71eedfaf6ac74391d417c26f7_icgraph.pdf>
Package pdftex.def Info: group__BaseAnswer_ga3ea832a71eedfaf6ac74391d417c26f7_i
cgraph.pdf  used on input line 971.
(pdftex.def)             Requested size: 350.0pt x 95.45747pt.
 [71]
Underfull \hbox (badness 10000) detected at line 984
[][][]
 []


Package longtable Warning: Column widths have changed
(longtable)                in table 8.23 on input line 999.


Underfull \hbox (badness 10000) detected at line 1000
[][][]
 []

[72] [73] [74] [75] [76] [77] (./group__IntegrityCheck.tex <./group__IntegrityC
heck.pdf>
<group__IntegrityCheck.pdf, id=1720, 328.22626pt x 110.4125pt>
File: group__IntegrityCheck.pdf Graphic file (type pdf)
<use group__IntegrityCheck.pdf>
Package pdftex.def Info: group__IntegrityCheck.pdf  used on input line 8.
(pdftex.def)             Requested size: 327.0pt x 110.00113pt.
)) (./group__BLOCKCIPHER.tex [78]) (./group__RawPartition.tex [79
pdfTeX warning (ext4): destination with the same identifier (name{group__Integr
ityCheck_ga6d563ba461bc32b2ef5aec973d00e595}) has been already used, duplicate 
ignored
<argument> ...shipout:D \box_use:N \l_shipout_box 
                                                  \__shipout_drop_firstpage_...
l.15 \begin{DoxyCompactList}\small\item\em
                                           Boot Firmware storage information...

pdfTeX warning (ext4): destination with the same identifier (name{group__Integr
ityCheck_gaea9559256ac828739aba4b350ea05086}) has been already used, duplicate 
ignored
<argument> ...shipout:D \box_use:N \l_shipout_box 
                                                  \__shipout_drop_firstpage_...
l.15 \begin{DoxyCompactList}\small\item\em
                                           Boot Firmware storage information...
]
Underfull \hbox (badness 10000) in paragraph at lines 58--59

 []

[80
pdfTeX warning (ext4): destination with the same identifier (name{group__RawPar
tition_gaa38e60a34aedc922e30bd2c02f6388bc}) has been already used, duplicate ig
nored
<argument> ...shipout:D \box_use:N \l_shipout_box 
                                                  \__shipout_drop_firstpage_...
l.130 \Hypertarget
                  {group__RawPartition_ga864acc047ae0e4e626228011d9efc936}\l...

pdfTeX warning (ext4): destination with the same identifier (name{group__RawPar
tition_ga56afcbe9fc63263396ef3160c965658d}) has been already used, duplicate ig
nored
<argument> ...shipout:D \box_use:N \l_shipout_box 
                                                  \__shipout_drop_firstpage_...
l.130 \Hypertarget
                  {group__RawPartition_ga864acc047ae0e4e626228011d9efc936}\l...

pdfTeX warning (ext4): destination with the same identifier (name{group__RawPar
tition_gad821118217f68354c702522c69bd975f}) has been already used, duplicate ig
nored
<argument> ...shipout:D \box_use:N \l_shipout_box 
                                                  \__shipout_drop_firstpage_...
l.130 \Hypertarget
                  {group__RawPartition_ga864acc047ae0e4e626228011d9efc936}\l...

pdfTeX warning (ext4): destination with the same identifier (name{group__RawPar
tition_ga24adb4368262132c2ca8d7c9afaafda8}) has been already used, duplicate ig
nored
<argument> ...shipout:D \box_use:N \l_shipout_box 
                                                  \__shipout_drop_firstpage_...
l.130 \Hypertarget
                  {group__RawPartition_ga864acc047ae0e4e626228011d9efc936}\l...

pdfTeX warning (ext4): destination with the same identifier (name{group__RawPar
tition_gaabb1bc837034d3921280349fad67b910}) has been already used, duplicate ig
nored
<argument> ...shipout:D \box_use:N \l_shipout_box 
                                                  \__shipout_drop_firstpage_...
l.130 \Hypertarget
                  {group__RawPartition_ga864acc047ae0e4e626228011d9efc936}\l...

pdfTeX warning (ext4): destination with the same identifier (name{group__RawPar
tition_ga23789f15488432d17456c6daef1f4982}) has been already used, duplicate ig
nored
<argument> ...shipout:D \box_use:N \l_shipout_box 
                                                  \__shipout_drop_firstpage_...
l.130 \Hypertarget
                  {group__RawPartition_ga864acc047ae0e4e626228011d9efc936}\l...

pdfTeX warning (ext4): destination with the same identifier (name{group__RawPar
tition_gaf2aeef0a33e802451f581e9d09d60b13}) has been already used, duplicate ig
nored
<argument> ...shipout:D \box_use:N \l_shipout_box 
                                                  \__shipout_drop_firstpage_...
l.130 \Hypertarget
                  {group__RawPartition_ga864acc047ae0e4e626228011d9efc936}\l...

pdfTeX warning (ext4): destination with the same identifier (name{group__RawPar
tition_gad2d6b195b11c10b5d83cba385737d1e5}) has been already used, duplicate ig
nored
<argument> ...shipout:D \box_use:N \l_shipout_box 
                                                  \__shipout_drop_firstpage_...
l.130 \Hypertarget
                  {group__RawPartition_ga864acc047ae0e4e626228011d9efc936}\l...

pdfTeX warning (ext4): destination with the same identifier (name{group__RawPar
tition_ga473c0168a12ee580d2f194f720bd66de}) has been already used, duplicate ig
nored
<argument> ...shipout:D \box_use:N \l_shipout_box 
                                                  \__shipout_drop_firstpage_...
l.130 \Hypertarget
                  {group__RawPartition_ga864acc047ae0e4e626228011d9efc936}\l...

pdfTeX warning (ext4): destination with the same identifier (name{group__RawPar
tition_ga5c926cfd5a7663750fd20cb7dee939ac}) has been already used, duplicate ig
nored
<argument> ...shipout:D \box_use:N \l_shipout_box 
                                                  \__shipout_drop_firstpage_...
l.130 \Hypertarget
                  {group__RawPartition_ga864acc047ae0e4e626228011d9efc936}\l...

pdfTeX warning (ext4): destination with the same identifier (name{group__RawPar
tition_gac4599cea78e341624d2fea93620d13c1}) has been already used, duplicate ig
nored
<argument> ...shipout:D \box_use:N \l_shipout_box 
                                                  \__shipout_drop_firstpage_...
l.130 \Hypertarget
                  {group__RawPartition_ga864acc047ae0e4e626228011d9efc936}\l...

pdfTeX warning (ext4): destination with the same identifier (name{group__RawPar
tition_ga9c3317dca2de56f4aa07e20660d4d949}) has been already used, duplicate ig
nored
<argument> ...shipout:D \box_use:N \l_shipout_box 
                                                  \__shipout_drop_firstpage_...
l.130 \Hypertarget
                  {group__RawPartition_ga864acc047ae0e4e626228011d9efc936}\l...
] [81
pdfTeX warning (ext4): destination with the same identifier (name{group__RawPar
tition_ga15a4edb5f80c0975afd4b0d17dcb3b59}) has been already used, duplicate ig
nored
<argument> ...shipout:D \box_use:N \l_shipout_box 
                                                  \__shipout_drop_firstpage_...
l.222 \#
        define \mbox{\hyperlink{group__RawPartition_gae3dd1ba24119ce2cd86c51...

pdfTeX warning (ext4): destination with the same identifier (name{group__RawPar
tition_ga864acc047ae0e4e626228011d9efc936}) has been already used, duplicate ig
nored
<argument> ...shipout:D \box_use:N \l_shipout_box 
                                                  \__shipout_drop_firstpage_...
l.222 \#
        define \mbox{\hyperlink{group__RawPartition_gae3dd1ba24119ce2cd86c51...

pdfTeX warning (ext4): destination with the same identifier (name{group__RawPar
tition_ga1406b403bddf42b421d0b5d01c57dd54}) has been already used, duplicate ig
nored
<argument> ...shipout:D \box_use:N \l_shipout_box 
                                                  \__shipout_drop_firstpage_...
l.222 \#
        define \mbox{\hyperlink{group__RawPartition_gae3dd1ba24119ce2cd86c51...

pdfTeX warning (ext4): destination with the same identifier (name{group__RawPar
tition_ga07d71d9342ec3c467ac29a50d789311a}) has been already used, duplicate ig
nored
<argument> ...shipout:D \box_use:N \l_shipout_box 
                                                  \__shipout_drop_firstpage_...
l.222 \#
        define \mbox{\hyperlink{group__RawPartition_gae3dd1ba24119ce2cd86c51...

pdfTeX warning (ext4): destination with the same identifier (name{group__RawPar
tition_gab9f9d94cd3331f17b2860f84fbe02346}) has been already used, duplicate ig
nored
<argument> ...shipout:D \box_use:N \l_shipout_box 
                                                  \__shipout_drop_firstpage_...
l.222 \#
        define \mbox{\hyperlink{group__RawPartition_gae3dd1ba24119ce2cd86c51...

pdfTeX warning (ext4): destination with the same identifier (name{group__RawPar
tition_ga5db488a7df64f171d477dca5bff3c89d}) has been already used, duplicate ig
nored
<argument> ...shipout:D \box_use:N \l_shipout_box 
                                                  \__shipout_drop_firstpage_...
l.222 \#
        define \mbox{\hyperlink{group__RawPartition_gae3dd1ba24119ce2cd86c51...

pdfTeX warning (ext4): destination with the same identifier (name{group__RawPar
tition_ga54f8c174470fca25cea574bd788ce6eb}) has been already used, duplicate ig
nored
<argument> ...shipout:D \box_use:N \l_shipout_box 
                                                  \__shipout_drop_firstpage_...
l.222 \#
        define \mbox{\hyperlink{group__RawPartition_gae3dd1ba24119ce2cd86c51...

pdfTeX warning (ext4): destination with the same identifier (name{group__RawPar
tition_gab4f218b201a93b1400d817b63042b12b}) has been already used, duplicate ig
nored
<argument> ...shipout:D \box_use:N \l_shipout_box 
                                                  \__shipout_drop_firstpage_...
l.222 \#
        define \mbox{\hyperlink{group__RawPartition_gae3dd1ba24119ce2cd86c51...
]
Underfull \hbox (badness 1097) in paragraph at lines 315--317
[]\T1/phv/m/n/10 #define \T1/phv/b/n/10 SYS[]_[][]SETTING[]_[][]STORAGE[]_[][]L
EN \T1/phv/m/n/10 (SYS[]_[][]OSID[]_[][]MAX[]_[][]LEN + SYS[]_[][]PRES[]_[][]MA
X[]_[][]LEN + SYS[]_[][]
 []


Underfull \hbox (badness 1097) in paragraph at lines 318--320
[]\T1/phv/m/n/10 #define \T1/phv/b/n/10 SYS[]_[][]SETTING[]_[][]STORAGE[]_[][]L
EN \T1/phv/m/n/10 (SYS[]_[][]OSID[]_[][]MAX[]_[][]LEN + SYS[]_[][]PRES[]_[][]MA
X[]_[][]LEN + SYS[]_[][]
 []

[82
pdfTeX warning (ext4): destination with the same identifier (name{group__RawPar
tition_ga84aa33e8e5b17d5b9830e3bab28c7daf}) has been already used, duplicate ig
nored
<argument> ...shipout:D \box_use:N \l_shipout_box 
                                                  \__shipout_drop_firstpage_...
l.365 4
       M \Hypertarget{group__RawPartition_ga67401815b5dcc9aaf1e7dc5f36d666f7...

pdfTeX warning (ext4): destination with the same identifier (name{group__RawPar
tition_gae83a7df891bf93ce766be4242cad33be}) has been already used, duplicate ig
nored
<argument> ...shipout:D \box_use:N \l_shipout_box 
                                                  \__shipout_drop_firstpage_...
l.365 4
       M \Hypertarget{group__RawPartition_ga67401815b5dcc9aaf1e7dc5f36d666f7...

pdfTeX warning (ext4): destination with the same identifier (name{group__RawPar
tition_gaaa61e1d8a5d5653aae8adb6c3fb340b6}) has been already used, duplicate ig
nored
<argument> ...shipout:D \box_use:N \l_shipout_box 
                                                  \__shipout_drop_firstpage_...
l.365 4
       M \Hypertarget{group__RawPartition_ga67401815b5dcc9aaf1e7dc5f36d666f7...

pdfTeX warning (ext4): destination with the same identifier (name{group__RawPar
tition_ga230e4f0bb79389768989105955cee47f}) has been already used, duplicate ig
nored
<argument> ...shipout:D \box_use:N \l_shipout_box 
                                                  \__shipout_drop_firstpage_...
l.365 4
       M \Hypertarget{group__RawPartition_ga67401815b5dcc9aaf1e7dc5f36d666f7...

pdfTeX warning (ext4): destination with the same identifier (name{group__RawPar
tition_ga718f918eade75e131d31123ac7c59d32}) has been already used, duplicate ig
nored
<argument> ...shipout:D \box_use:N \l_shipout_box 
                                                  \__shipout_drop_firstpage_...
l.365 4
       M \Hypertarget{group__RawPartition_ga67401815b5dcc9aaf1e7dc5f36d666f7...

pdfTeX warning (ext4): destination with the same identifier (name{group__RawPar
tition_ga82dd2488e5a34701674af6d7b0650f2f}) has been already used, duplicate ig
nored
<argument> ...shipout:D \box_use:N \l_shipout_box 
                                                  \__shipout_drop_firstpage_...
l.365 4
       M \Hypertarget{group__RawPartition_ga67401815b5dcc9aaf1e7dc5f36d666f7...

pdfTeX warning (ext4): destination with the same identifier (name{group__RawPar
tition_gad538e384f577d41b1ee7476b8a02af65}) has been already used, duplicate ig
nored
<argument> ...shipout:D \box_use:N \l_shipout_box 
                                                  \__shipout_drop_firstpage_...
l.365 4
       M \Hypertarget{group__RawPartition_ga67401815b5dcc9aaf1e7dc5f36d666f7...

pdfTeX warning (ext4): destination with the same identifier (name{group__RawPar
tition_gaccf4cec84148666da1789804ab76072e}) has been already used, duplicate ig
nored
<argument> ...shipout:D \box_use:N \l_shipout_box 
                                                  \__shipout_drop_firstpage_...
l.365 4
       M \Hypertarget{group__RawPartition_ga67401815b5dcc9aaf1e7dc5f36d666f7...

pdfTeX warning (ext4): destination with the same identifier (name{group__RawPar
tition_gac8702f5b0af1c4512036b803b12b9572}) has been already used, duplicate ig
nored
<argument> ...shipout:D \box_use:N \l_shipout_box 
                                                  \__shipout_drop_firstpage_...
l.365 4
       M \Hypertarget{group__RawPartition_ga67401815b5dcc9aaf1e7dc5f36d666f7...

pdfTeX warning (ext4): destination with the same identifier (name{group__RawPar
tition_gae0a3c56f62122715924369388614f38c}) has been already used, duplicate ig
nored
<argument> ...shipout:D \box_use:N \l_shipout_box 
                                                  \__shipout_drop_firstpage_...
l.365 4
       M \Hypertarget{group__RawPartition_ga67401815b5dcc9aaf1e7dc5f36d666f7...

pdfTeX warning (ext4): destination with the same identifier (name{group__RawPar
tition_ga3c5446516bff51d2952114403c2d5013}) has been already used, duplicate ig
nored
<argument> ...shipout:D \box_use:N \l_shipout_box 
                                                  \__shipout_drop_firstpage_...
l.365 4
       M \Hypertarget{group__RawPartition_ga67401815b5dcc9aaf1e7dc5f36d666f7...

pdfTeX warning (ext4): destination with the same identifier (name{group__RawPar
tition_gadc660f667e76c51b07e2c0a4376e1254}) has been already used, duplicate ig
nored
<argument> ...shipout:D \box_use:N \l_shipout_box 
                                                  \__shipout_drop_firstpage_...
l.365 4
       M \Hypertarget{group__RawPartition_ga67401815b5dcc9aaf1e7dc5f36d666f7...

pdfTeX warning (ext4): destination with the same identifier (name{group__RawPar
tition_ga5abe554ca62f3723f7176972f7ee8d7b}) has been already used, duplicate ig
nored
<argument> ...shipout:D \box_use:N \l_shipout_box 
                                                  \__shipout_drop_firstpage_...
l.365 4
       M \Hypertarget{group__RawPartition_ga67401815b5dcc9aaf1e7dc5f36d666f7...

pdfTeX warning (ext4): destination with the same identifier (name{group__RawPar
tition_ga6ef3af1b3b8efe826c91622c4def2e07}) has been already used, duplicate ig
nored
<argument> ...shipout:D \box_use:N \l_shipout_box 
                                                  \__shipout_drop_firstpage_...
l.365 4
       M \Hypertarget{group__RawPartition_ga67401815b5dcc9aaf1e7dc5f36d666f7...

pdfTeX warning (ext4): destination with the same identifier (name{group__RawPar
tition_gade4f38c2b9573107bb509425f646c871}) has been already used, duplicate ig
nored
<argument> ...shipout:D \box_use:N \l_shipout_box 
                                                  \__shipout_drop_firstpage_...
l.365 4
       M \Hypertarget{group__RawPartition_ga67401815b5dcc9aaf1e7dc5f36d666f7...

pdfTeX warning (ext4): destination with the same identifier (name{group__RawPar
tition_gacc32836c06a7a42b8e41ea7134d18ace}) has been already used, duplicate ig
nored
<argument> ...shipout:D \box_use:N \l_shipout_box 
                                                  \__shipout_drop_firstpage_...
l.365 4
       M \Hypertarget{group__RawPartition_ga67401815b5dcc9aaf1e7dc5f36d666f7...

pdfTeX warning (ext4): destination with the same identifier (name{group__RawPar
tition_gad382370f291ff55776de1a78bc495b8e}) has been already used, duplicate ig
nored
<argument> ...shipout:D \box_use:N \l_shipout_box 
                                                  \__shipout_drop_firstpage_...
l.365 4
       M \Hypertarget{group__RawPartition_ga67401815b5dcc9aaf1e7dc5f36d666f7...

pdfTeX warning (ext4): destination with the same identifier (name{group__RawPar
tition_ga97a2eb150812e93d114b20308ffae153}) has been already used, duplicate ig
nored
<argument> ...shipout:D \box_use:N \l_shipout_box 
                                                  \__shipout_drop_firstpage_...
l.365 4
       M \Hypertarget{group__RawPartition_ga67401815b5dcc9aaf1e7dc5f36d666f7...

pdfTeX warning (ext4): destination with the same identifier (name{group__RawPar
tition_ga70d362a04254bb1ad7e2d5119911a313}) has been already used, duplicate ig
nored
<argument> ...shipout:D \box_use:N \l_shipout_box 
                                                  \__shipout_drop_firstpage_...
l.365 4
       M \Hypertarget{group__RawPartition_ga67401815b5dcc9aaf1e7dc5f36d666f7...

pdfTeX warning (ext4): destination with the same identifier (name{group__RawPar
tition_ga41813950367f36242ca252d9c151a1f9}) has been already used, duplicate ig
nored
<argument> ...shipout:D \box_use:N \l_shipout_box 
                                                  \__shipout_drop_firstpage_...
l.365 4
       M \Hypertarget{group__RawPartition_ga67401815b5dcc9aaf1e7dc5f36d666f7...

pdfTeX warning (ext4): destination with the same identifier (name{group__RawPar
tition_ga684709cec27244808ec8b4d9f164d623}) has been already used, duplicate ig
nored
<argument> ...shipout:D \box_use:N \l_shipout_box 
                                                  \__shipout_drop_firstpage_...
l.365 4
       M \Hypertarget{group__RawPartition_ga67401815b5dcc9aaf1e7dc5f36d666f7...

pdfTeX warning (ext4): destination with the same identifier (name{group__RawPar
tition_gaec99e2b745705641612b4388e8721a68}) has been already used, duplicate ig
nored
<argument> ...shipout:D \box_use:N \l_shipout_box 
                                                  \__shipout_drop_firstpage_...
l.365 4
       M \Hypertarget{group__RawPartition_ga67401815b5dcc9aaf1e7dc5f36d666f7...

pdfTeX warning (ext4): destination with the same identifier (name{group__RawPar
tition_ga7bb3c663ca4fec8ffc530be50c28d8f6}) has been already used, duplicate ig
nored
<argument> ...shipout:D \box_use:N \l_shipout_box 
                                                  \__shipout_drop_firstpage_...
l.365 4
       M \Hypertarget{group__RawPartition_ga67401815b5dcc9aaf1e7dc5f36d666f7...
] [83
pdfTeX warning (ext4): destination with the same identifier (name{group__RawPar
tition_ga67401815b5dcc9aaf1e7dc5f36d666f7}) has been already used, duplicate ig
nored
<argument> ...shipout:D \box_use:N \l_shipout_box 
                                                  \__shipout_drop_firstpage_...
l.419 4
       M \Hypertarget{group__RawPartition_gac9f7a17742041f776260d54fc5b5916b...

pdfTeX warning (ext4): destination with the same identifier (name{group__RawPar
tition_ga6887ff05053954f6ef245236a92a05bf}) has been already used, duplicate ig
nored
<argument> ...shipout:D \box_use:N \l_shipout_box 
                                                  \__shipout_drop_firstpage_...
l.419 4
       M \Hypertarget{group__RawPartition_gac9f7a17742041f776260d54fc5b5916b...

pdfTeX warning (ext4): destination with the same identifier (name{group__RawPar
tition_gaaebb644f5043773adcbfa28e5527278b}) has been already used, duplicate ig
nored
<argument> ...shipout:D \box_use:N \l_shipout_box 
                                                  \__shipout_drop_firstpage_...
l.419 4
       M \Hypertarget{group__RawPartition_gac9f7a17742041f776260d54fc5b5916b...

pdfTeX warning (ext4): destination with the same identifier (name{group__RawPar
tition_ga16c38cb6370eaf2614f0eb6442292783}) has been already used, duplicate ig
nored
<argument> ...shipout:D \box_use:N \l_shipout_box 
                                                  \__shipout_drop_firstpage_...
l.419 4
       M \Hypertarget{group__RawPartition_gac9f7a17742041f776260d54fc5b5916b...
]
pdfTeX warning (ext4): destination with the same identifier (name{group__RawPar
tition_ga6a96101d61d488dd9c778e3d4be73abf}) has been already used, duplicate ig
nored
<to be read again> 
                   \relax 
l.455 ...ition_ga6a96101d61d488dd9c778e3d4be73abf}
                                                  \label{group__RawPartition...

pdfTeX warning (ext4): destination with the same identifier (name{group__RawPar
tition_ga3e3c53f9f060647ce6cac86b5eabfbb3}) has been already used, duplicate ig
nored
<to be read again> 
                   \relax 
l.465 ...ition_ga3e3c53f9f060647ce6cac86b5eabfbb3}
                                                  \label{group__RawPartition...
[84
pdfTeX warning (ext4): destination with the same identifier (name{group__RawPar
tition_ga1c5eab3dda98247435465d3e16841f4e}) has been already used, duplicate ig
nored
<argument> ...shipout:D \box_use:N \l_shipout_box 
                                                  \__shipout_drop_firstpage_...
l.473 B
       oot presence flag length (in bytes).
pdfTeX warning (ext4): destination with the same identifier (name{group__RawPar
tition_gac9f7a17742041f776260d54fc5b5916b}) has been already used, duplicate ig
nored
<argument> ...shipout:D \box_use:N \l_shipout_box 
                                                  \__shipout_drop_firstpage_...
l.473 B
       oot presence flag length (in bytes).
pdfTeX warning (ext4): destination with the same identifier (name{group__RawPar
tition_gaf164bf777bbfef9394987c97bd06d9dc}) has been already used, duplicate ig
nored
<argument> ...shipout:D \box_use:N \l_shipout_box 
                                                  \__shipout_drop_firstpage_...
l.473 B
       oot presence flag length (in bytes).
pdfTeX warning (ext4): destination with the same identifier (name{group__RawPar
tition_ga429ff1c0747d02c422105a2da0556e3d}) has been already used, duplicate ig
nored
<argument> ...shipout:D \box_use:N \l_shipout_box 
                                                  \__shipout_drop_firstpage_...
l.473 B
       oot presence flag length (in bytes).]
pdfTeX warning (ext4): destination with the same identifier (name{group__RawPar
tition_ga9ccbf63e449412eb70455c5e36b2a8aa}) has been already used, duplicate ig
nored
<to be read again> 
                   \relax 
l.475 ...ition_ga9ccbf63e449412eb70455c5e36b2a8aa}
                                                  \label{group__RawPartition...

pdfTeX warning (ext4): destination with the same identifier (name{group__RawPar
tition_gaabf790766c8ef5f0c18f38aef6508cc2}) has been already used, duplicate ig
nored
<to be read again> 
                   \relax 
l.485 ...ition_gaabf790766c8ef5f0c18f38aef6508cc2}
                                                  \label{group__RawPartition...
[85
pdfTeX warning (ext4): destination with the same identifier (name{group__RawPar
tition_gaf0fdeaf6fde08e4612dbac3f4c29d959}) has been already used, duplicate ig
nored
<argument> ...shipout:D \box_use:N \l_shipout_box 
                                                  \__shipout_drop_firstpage_...
l.530 \doxysubsubsection
                        {\texorpdfstring{SBC\_RAWPRT\_MAGIC\_ID}{SBC\_RAWPRT...
]) [86
pdfTeX warning (ext4): destination with the same identifier (name{group__RawPar
tition_ga00fc7c4cd6cb6e5c4c1e9d7f3a57e359}) has been already used, duplicate ig
nored
<argument> ...shipout:D \box_use:N \l_shipout_box 
                                                  \__shipout_drop_firstpage_...
l.225 \chapter
              {Data Structure Documentation}
pdfTeX warning (ext4): destination with the same identifier (name{group__RawPar
tition_gae3dd1ba24119ce2cd86c5157f003932f}) has been already used, duplicate ig
nored
<argument> ...shipout:D \box_use:N \l_shipout_box 
                                                  \__shipout_drop_firstpage_...
l.225 \chapter
              {Data Structure Documentation}]
Chapter 9.
(./struct__aes__buf__t.tex) (./struct__aes__cbc__context__t.tex <./struct__aes_
_cbc__context__t__coll__graph.pdf>
<struct__aes__cbc__context__t__coll__graph.pdf, id=1938, 195.73125pt x 187.7012
5pt>
File: struct__aes__cbc__context__t__coll__graph.pdf Graphic file (type pdf)
<use struct__aes__cbc__context__t__coll__graph.pdf>
Package pdftex.def Info: struct__aes__cbc__context__t__coll__graph.pdf  used on
 input line 10.
(pdftex.def)             Requested size: 195.0pt x 187.01054pt.
 [87

]
Underfull \hbox (badness 10000) in paragraph at lines 41--42

 []

) (./struct__aes__context__t.tex <./struct__aes__context__t__coll__graph.pdf>
<struct__aes__context__t__coll__graph.pdf, id=1972, 362.35374pt x 290.08376pt>
File: struct__aes__context__t__coll__graph.pdf Graphic file (type pdf)
<use struct__aes__context__t__coll__graph.pdf>
Package pdftex.def Info: struct__aes__context__t__coll__graph.pdf  used on inpu
t line 10.
(pdftex.def)             Requested size: 350.0pt x 280.19907pt.

[88] [89]) (./struct__aes__gcm__context__t.tex <./struct__aes__gcm__context__t_
_coll__graph.pdf>
<struct__aes__gcm__context__t__coll__graph.pdf, id=2034, 199.74625pt x 220.825p
t>
File: struct__aes__gcm__context__t__coll__graph.pdf Graphic file (type pdf)
<use struct__aes__gcm__context__t__coll__graph.pdf>
Package pdftex.def Info: struct__aes__gcm__context__t__coll__graph.pdf  used on
 input line 10.
(pdftex.def)             Requested size: 199.0pt x 220.01239pt.
 [90] [91]) (./struct__at__key__t.tex [92] [93])
(./struct__base__ansid__t.tex) (./union__boot__fw__inf__t.tex [94] [95])
(./struct__boot__proc__t.tex [96] [97]) (./struct__ecc__ctx__t.tex <./struct__e
cc__ctx__t__coll__graph.pdf>
<struct__ecc__ctx__t__coll__graph.pdf, id=2249, 167.62625pt x 187.70125pt>
File: struct__ecc__ctx__t__coll__graph.pdf Graphic file (type pdf)
<use struct__ecc__ctx__t__coll__graph.pdf>
Package pdftex.def Info: struct__ecc__ctx__t__coll__graph.pdf  used on input li
ne 10.
(pdftex.def)             Requested size: 167.0pt x 186.99908pt.
 [98] [99]) (./struct__fhnd__img__t.tex)
(./struct__hw__unique__info__t.tex) (./struct__kdf__t.tex [100])
(./struct__lv__t.tex) (./union__osid__key__t.tex [101])
(./struct__rawprt__hdr__t.tex [102]) (./struct__sb__rcv__proc__t.tex [103])
(./union__sbc__rtpn__header__t.tex [104]) (./union__sys__pres__t.tex [105])
(./struct__t__baseansr.tex) (./struct__t__bm__lookup__table.tex [106])
(./union__t__fsbl__bsifo.tex) (./struct__t__fsbl__bsinfo__ptr.tex [107])
(./struct__t__mig__key.tex) (./struct__tlv__t.tex) (./struct__unit__proc__t.tex
[108]) (./structaes__gcm__vectors__st.tex [109]) (./structat__key__t.tex)
(./structatp__ident__t.tex [110]
Underfull \hbox (badness 10000) detected at line 30
[][][]
 []

) (./structbase__ansid__t.tex
Underfull \hbox (badness 10000) detected at line 8
[][][]
 []

) (./structbaseansr__t.tex [111]
Underfull \hbox (badness 10000) detected at line 21
[][][]
 []

) (./structbm__lookup__table__t.tex) (./unionboot__fw__inf__t.tex)
(./structboot__proc__t.tex [112]) (./structCheckIntegerRange.tex <./structCheck
IntegerRange__coll__graph.pdf>
<structCheckIntegerRange__coll__graph.pdf, id=2582, 206.7725pt x 231.86626pt>
File: structCheckIntegerRange__coll__graph.pdf Graphic file (type pdf)
<use structCheckIntegerRange__coll__graph.pdf>
Package pdftex.def Info: structCheckIntegerRange__coll__graph.pdf  used on inpu
t line 10.
(pdftex.def)             Requested size: 206.0pt x 231.00594pt.
 [113]) (./structCheckIntegerSet.tex <./structCheckIntegerSet__coll__graph.pdf>
<structCheckIntegerSet__coll__graph.pdf, id=2602, 206.7725pt x 231.86626pt>
File: structCheckIntegerSet__coll__graph.pdf Graphic file (type pdf)
<use structCheckIntegerSet__coll__graph.pdf>
Package pdftex.def Info: structCheckIntegerSet__coll__graph.pdf  used on input 
line 10.
(pdftex.def)             Requested size: 206.0pt x 231.00594pt.
) (./structCheckMemoryData.tex <./structCheckMemoryData__coll__graph.pdf>
<structCheckMemoryData__coll__graph.pdf, id=2611, 206.7725pt x 231.86626pt>
File: structCheckMemoryData__coll__graph.pdf Graphic file (type pdf)
<use structCheckMemoryData__coll__graph.pdf>
Package pdftex.def Info: structCheckMemoryData__coll__graph.pdf  used on input 
line 10.
(pdftex.def)             Requested size: 206.0pt x 231.00594pt.
 [114]) (./structCheckParameterEvent.tex <./structCheckParameterEvent__coll__gr
aph.pdf>
<structCheckParameterEvent__coll__graph.pdf, id=2635, 206.7725pt x 165.61874pt>

File: structCheckParameterEvent__coll__graph.pdf Graphic file (type pdf)
<use structCheckParameterEvent__coll__graph.pdf>
Package pdftex.def Info: structCheckParameterEvent__coll__graph.pdf  used on in
put line 10.
(pdftex.def)             Requested size: 206.0pt x 165.00423pt.
 [115]) (./structCMUnitTest.tex)
(./structCMUnitTestState.tex <./structCMUnitTestState__coll__graph.pdf>
<structCMUnitTestState__coll__graph.pdf, id=2657, 275.0275pt x 168.63pt>
File: structCMUnitTestState__coll__graph.pdf Graphic file (type pdf)
<use structCMUnitTestState__coll__graph.pdf>
Package pdftex.def Info: structCMUnitTestState__coll__graph.pdf  used on input 
line 10.
(pdftex.def)             Requested size: 274.0pt x 168.0146pt.

[116]) (./structfhnd__img__t.tex) (./structfsbl__bsinfo__ptr__t.tex
Underfull \hbox (badness 10000) detected at line 21
[][][]
 []

) (./unionfsbl__bsinfo__t.tex [117]) (./structFuncOrderingValue.tex <./structFu
ncOrderingValue__coll__graph.pdf>
<structFuncOrderingValue__coll__graph.pdf, id=2704, 190.7125pt x 165.61874pt>
File: structFuncOrderingValue__coll__graph.pdf Graphic file (type pdf)
<use structFuncOrderingValue__coll__graph.pdf>
Package pdftex.def Info: structFuncOrderingValue__coll__graph.pdf  used on inpu
t line 10.
(pdftex.def)             Requested size: 190.0pt x 165.00676pt.
) (./structGroupTest.tex <./structGroupTest__coll__graph.pdf>
<structGroupTest__coll__graph.pdf, id=2713, 147.55125pt x 165.61874pt>
File: structGroupTest__coll__graph.pdf Graphic file (type pdf)
<use structGroupTest__coll__graph.pdf>
Package pdftex.def Info: structGroupTest__coll__graph.pdf  used on input line 1
0.
(pdftex.def)             Requested size: 147.0pt x 165.00423pt.
 [118]) (./structhw__uniqueinfo__t.tex
Underfull \hbox (badness 10000) in paragraph at lines 17--18

 []

) (./structkdf__t.tex [119]) (./structListNode.tex <./structListNode__coll__gra
ph.pdf>
<structListNode__coll__graph.pdf, id=2749, 183.68625pt x 102.3825pt>
File: structListNode__coll__graph.pdf Graphic file (type pdf)
<use structListNode__coll__graph.pdf>
Package pdftex.def Info: structListNode__coll__graph.pdf  used on input line 10
.
(pdftex.def)             Requested size: 183.0pt x 102.00731pt.
) (./unionMallocBlockInfo.tex <./unionMallocBlockInfo__coll__graph.pdf>
<unionMallocBlockInfo__coll__graph.pdf, id=2759, 295.1025pt x 234.8775pt>
File: unionMallocBlockInfo__coll__graph.pdf Graphic file (type pdf)
<use unionMallocBlockInfo__coll__graph.pdf>
Package pdftex.def Info: unionMallocBlockInfo__coll__graph.pdf  used on input l
ine 10.
(pdftex.def)             Requested size: 294.0pt x 234.00601pt.

[120]) (./structMallocBlockInfoData.tex <./structMallocBlockInfoData__coll__gra
ph.pdf>
<structMallocBlockInfoData__coll__graph.pdf, id=2782, 295.1025pt x 168.63pt>
File: structMallocBlockInfoData__coll__graph.pdf Graphic file (type pdf)
<use structMallocBlockInfoData__coll__graph.pdf>
Package pdftex.def Info: structMallocBlockInfoData__coll__graph.pdf  used on in
put line 10.
(pdftex.def)             Requested size: 294.0pt x 168.00432pt.
 [121]) (./structmig__key__t.tex
Underfull \hbox (badness 10000) detected at line 21
[][][]
 []

) (./structNVME__CONTROLLER__DATA.tex) (./structrawprt__hdr__t.tex)
(./structsb__rcv__proc__t.tex [122]) (./structSBC__AESCBCCtx.tex)
(./structSBC__AESContext.tex [123]
Underfull \hbox (badness 10000) detected at line 19
[][][]
 []

) (./structSBC__AESGcmCtx.tex
Underfull \hbox (badness 10000) detected at line 23
[][][]
 []


Underfull \hbox (badness 10000) detected at line 26
[][][]
 []

) (./structSBC__CipherTLV.tex [124] [125]) (./unionsbc__rptn__header__t.tex)
(./structSBCAESTestVectorMsg__t.tex) (./structSBCEccCtx.tex [126])
(./structSBCHashTestVectorMsg__t.tex) (./structSourceLocation.tex)
(./structsw__node__t.tex [127] [128]) (./structsw__path__t.tex [129]
Underfull \hbox (badness 791) in paragraph at lines 63--64
[]\T1/phv/m/n/10 Null-terminated ASCII string (max 256 bytes) rep-re-sent-ing t
he ver-sion or build iden-ti-fier (e.[]g., \T1/pcr/m/n/10 "1.[]0.[]3"\T1/phv/m/
n/10 ,
 []

) (./structSymbolMapValue.tex <./structSymbolMapValue__coll__graph.pdf>
<structSymbolMapValue__coll__graph.pdf, id=2928, 261.97874pt x 168.63pt>
File: structSymbolMapValue__coll__graph.pdf Graphic file (type pdf)
<use structSymbolMapValue__coll__graph.pdf>
Package pdftex.def Info: structSymbolMapValue__coll__graph.pdf  used on input l
ine 10.
(pdftex.def)             Requested size: 261.0pt x 168.00432pt.

[130]) (./structSymbolValue.tex <./structSymbolValue__coll__graph.pdf>
<structSymbolValue__coll__graph.pdf, id=2950, 172.645pt x 165.61874pt>
File: structSymbolValue__coll__graph.pdf Graphic file (type pdf)
<use structSymbolValue__coll__graph.pdf>
Package pdftex.def Info: structSymbolValue__coll__graph.pdf  used on input line
 10.
(pdftex.def)             Requested size: 172.0pt x 165.00171pt.
 [131])
(./structTestState.tex <./structTestState__coll__graph.pdf>
<structTestState__coll__graph.pdf, id=2971, 185.69376pt x 168.63pt>
File: structTestState__coll__graph.pdf Graphic file (type pdf)
<use structTestState__coll__graph.pdf>
Package pdftex.def Info: structTestState__coll__graph.pdf  used on input line 1
0.
(pdftex.def)             Requested size: 185.0pt x 168.00432pt.
 [132])
(./structUnitTest.tex) [133] [134

]
Chapter 10.
(./FSBL_8c.tex <./FSBL_8c__incl.pdf>
<FSBL_8c__incl.pdf, id=3009, 5019.75375pt x 441.65pt>
File: FSBL_8c__incl.pdf Graphic file (type pdf)
<use FSBL_8c__incl.pdf>
Package pdftex.def Info: FSBL_8c__incl.pdf  used on input line 51.
(pdftex.def)             Requested size: 350.0pt x 30.7906pt.
 [135] [136]

! LaTeX Error: Unicode character 가 (U+AC00)
               not set up for use with LaTeX.

See the LaTeX manual or LaTeX Companion for explanation.
Type  H <return>  for immediate help.
 ...                                              
                                                  
l.154 가
         변 인자를 받아 포맷된 유니코드 문자열을 콘솔에 ...

? 

! LaTeX Error: Unicode character 변 (U+BCC0)
               not set up for use with LaTeX.

See the LaTeX manual or LaTeX Companion for explanation.
Type  H <return>  for immediate help.
 ...                                              
                                                  
l.154 가변
             인자를 받아 포맷된 유니코드 문자열을 콘솔에 ...

? 

! LaTeX Error: Unicode character 인 (U+C778)
               not set up for use with LaTeX.

See the LaTeX manual or LaTeX Companion for explanation.
Type  H <return>  for immediate help.
 ...                                              
                                                  
l.154 가변 인
                자를 받아 포맷된 유니코드 문자열을 콘솔에 ...

? 

! LaTeX Error: Unicode character 자 (U+C790)
               not set up for use with LaTeX.

See the LaTeX manual or LaTeX Companion for explanation.
Type  H <return>  for immediate help.
 ...                                              
                                                  
l.154 가변 인자
                   를 받아 포맷된 유니코드 문자열을 콘솔에 ...

? 

! LaTeX Error: Unicode character 를 (U+B97C)
               not set up for use with LaTeX.

See the LaTeX manual or LaTeX Companion for explanation.
Type  H <return>  for immediate help.
 ...                                              
                                                  
l.154 가변 인자를
                       받아 포맷된 유니코드 문자열을 콘솔에 ...

? 

! LaTeX Error: Unicode character 받 (U+BC1B)
               not set up for use with LaTeX.

See the LaTeX manual or LaTeX Companion for explanation.
Type  H <return>  for immediate help.
 ...                                              
                                                  
l.154 가변 인자를 받
                          아 포맷된 유니코드 문자열을 콘솔에 ...

? 

! LaTeX Error: Unicode character 아 (U+C544)
               not set up for use with LaTeX.

See the LaTeX manual or LaTeX Companion for explanation.
Type  H <return>  for immediate help.
 ...                                              
                                                  
l.154 가변 인자를 받아
                              포맷된 유니코드 문자열을 콘솔에 ...

? 

! LaTeX Error: Unicode character 포 (U+D3EC)
               not set up for use with LaTeX.

See the LaTeX manual or LaTeX Companion for explanation.
Type  H <return>  for immediate help.
 ...                                              
                                                  
l.154 가변 인자를 받아 포
                                 맷된 유니코드 문자열을 콘솔에 ...

? 

! LaTeX Error: Unicode character 맷 (U+B9F7)
               not set up for use with LaTeX.

See the LaTeX manual or LaTeX Companion for explanation.
Type  H <return>  for immediate help.
 ...                                              
                                                  
l.154 가변 인자를 받아 포맷
                                    된 유니코드 문자열을 콘솔에 ...

? 

! LaTeX Error: Unicode character 된 (U+B41C)
               not set up for use with LaTeX.

See the LaTeX manual or LaTeX Companion for explanation.
Type  H <return>  for immediate help.
 ...                                              
                                                  
l.154 가변 인자를 받아 포맷된
                                        유니코드 문자열을 콘솔에 ...

? 

! LaTeX Error: Unicode character 유 (U+C720)
               not set up for use with LaTeX.

See the LaTeX manual or LaTeX Companion for explanation.
Type  H <return>  for immediate help.
 ...                                              
                                                  
l.154 가변 인자를 받아 포맷된 유
                                           니코드 문자열을 콘솔에 ...

? 

! LaTeX Error: Unicode character 니 (U+B2C8)
               not set up for use with LaTeX.

See the LaTeX manual or LaTeX Companion for explanation.
Type  H <return>  for immediate help.
 ...                                              
                                                  
l.154 가변 인자를 받아 포맷된 유니
                                              코드 문자열을 콘솔에 ...

? 

! LaTeX Error: Unicode character 코 (U+CF54)
               not set up for use with LaTeX.

See the LaTeX manual or LaTeX Companion for explanation.
Type  H <return>  for immediate help.
 ...                                              
                                                  
l.154 가변 인자를 받아 포맷된 유니코
                                                 드 문자열을 콘솔에 ...

? 

! LaTeX Error: Unicode character 드 (U+B4DC)
               not set up for use with LaTeX.

See the LaTeX manual or LaTeX Companion for explanation.
Type  H <return>  for immediate help.
 ...                                              
                                                  
l.154 ...� 인자를 받아 포맷된 유니코드
                                                   문자열을 콘솔에 �...

? 

! LaTeX Error: Unicode character 문 (U+BB38)
               not set up for use with LaTeX.

See the LaTeX manual or LaTeX Companion for explanation.
Type  H <return>  for immediate help.
 ...                                              
                                                  
l.154 ...�자를 받아 포맷된 유니코드 문
                                                  자열을 콘솔에 출력...

? 

! LaTeX Error: Unicode character 자 (U+C790)
               not set up for use with LaTeX.

See the LaTeX manual or LaTeX Companion for explanation.
Type  H <return>  for immediate help.
 ...                                              
                                                  
l.154 ...�를 받아 포맷된 유니코드 문자
                                                  열을 콘솔에 출력하...

? 

! LaTeX Error: Unicode character 열 (U+C5F4)
               not set up for use with LaTeX.

See the LaTeX manual or LaTeX Companion for explanation.
Type  H <return>  for immediate help.
 ...                                              
                                                  
l.154 ...� 받아 포맷된 유니코드 문자열
                                                  을 콘솔에 출력하는...

? 

! LaTeX Error: Unicode character 을 (U+C744)
               not set up for use with LaTeX.

See the LaTeX manual or LaTeX Companion for explanation.
Type  H <return>  for immediate help.
 ...                                              
                                                  
l.154 ...��아 포맷된 유니코드 문자열을
                                                   콘솔에 출력하는 �...

? 

! LaTeX Error: Unicode character 콘 (U+CF58)
               not set up for use with LaTeX.

See the LaTeX manual or LaTeX Companion for explanation.
Type  H <return>  for immediate help.
 ...                                              
                                                  
l.154 ...� 포맷된 유니코드 문자열을 콘
                                                  솔에 출력하는 사용...

? 

! LaTeX Error: Unicode character 솔 (U+C194)
               not set up for use with LaTeX.

See the LaTeX manual or LaTeX Companion for explanation.
Type  H <return>  for immediate help.
 ...                                              
                                                  
l.154 ...��맷된 유니코드 문자열을 콘솔
                                                  에 출력하는 사용자...

? 

! LaTeX Error: Unicode character 에 (U+C5D0)
               not set up for use with LaTeX.

See the LaTeX manual or LaTeX Companion for explanation.
Type  H <return>  for immediate help.
 ...                                              
                                                  
l.154 ...��된 유니코드 문자열을 콘솔에
                                                   출력하는 사용자 �...

? 

! LaTeX Error: Unicode character 출 (U+CD9C)
               not set up for use with LaTeX.

See the LaTeX manual or LaTeX Companion for explanation.
Type  H <return>  for immediate help.
 ...                                              
                                                  
l.154 ...� 유니코드 문자열을 콘솔에 출
                                                  력하는 사용자 정의...

? 

! LaTeX Error: Unicode character 력 (U+B825)
               not set up for use with LaTeX.

See the LaTeX manual or LaTeX Companion for explanation.
Type  H <return>  for immediate help.
 ...                                              
                                                  
l.154 ...��니코드 문자열을 콘솔에 출력
                                                  하는 사용자 정의 �...

? 

! LaTeX Error: Unicode character 하 (U+D558)
               not set up for use with LaTeX.

See the LaTeX manual or LaTeX Companion for explanation.
Type  H <return>  for immediate help.
 ...                                              
                                                  
l.154 ...��코드 문자열을 콘솔에 출력하
                                                  는 사용자 정의 함�...

? 

! LaTeX Error: Unicode character 는 (U+B294)
               not set up for use with LaTeX.

See the LaTeX manual or LaTeX Companion for explanation.
Type  H <return>  for immediate help.
 ...                                              
                                                  
l.154 ...��드 문자열을 콘솔에 출력하는
                                                   사용자 정의 함수�...

? 

! LaTeX Error: Unicode character 사 (U+C0AC)
               not set up for use with LaTeX.

See the LaTeX manual or LaTeX Companion for explanation.
Type  H <return>  for immediate help.
 ...                                              
                                                  
l.154 ...� 문자열을 콘솔에 출력하는 사
                                                  용자 정의 함수입니...

? 

! LaTeX Error: Unicode character 용 (U+C6A9)
               not set up for use with LaTeX.

See the LaTeX manual or LaTeX Companion for explanation.
Type  H <return>  for immediate help.
 ...                                              
                                                  
l.154 ...��자열을 콘솔에 출력하는 사용
                                                  자 정의 함수입니다...

? 

! LaTeX Error: Unicode character 자 (U+C790)
               not set up for use with LaTeX.

See the LaTeX manual or LaTeX Companion for explanation.
Type  H <return>  for immediate help.
 ...                                              
                                                  
l.154 ...��열을 콘솔에 출력하는 사용자
                                                   정의 함수입니다. �...

? 

! LaTeX Error: Unicode character 정 (U+C815)
               not set up for use with LaTeX.

See the LaTeX manual or LaTeX Companion for explanation.
Type  H <return>  for immediate help.
 ...                                              
                                                  
l.154 ...�을 콘솔에 출력하는 사용자 정
                                                  의 함수입니다. 이 �...

? 

! LaTeX Error: Unicode character 의 (U+C758)
               not set up for use with LaTeX.

See the LaTeX manual or LaTeX Companion for explanation.
Type  H <return>  for immediate help.
 ...                                              
                                                  
l.154 ...� 콘솔에 출력하는 사용자 정의
                                                   함수입니다. 이 함�...

? 

! LaTeX Error: Unicode character 함 (U+D568)
               not set up for use with LaTeX.

See the LaTeX manual or LaTeX Companion for explanation.
Type  H <return>  for immediate help.
 ...                                              
                                                  
l.154 ...�솔에 출력하는 사용자 정의 함
                                                  수입니다. 이 함수�...

? 

! LaTeX Error: Unicode character 수 (U+C218)
               not set up for use with LaTeX.

See the LaTeX manual or LaTeX Companion for explanation.
Type  H <return>  for immediate help.
 ...                                              
                                                  
l.154 ...�에 출력하는 사용자 정의 함수
                                                  입니다. 이 함수는 /...

? 

! LaTeX Error: Unicode character 입 (U+C785)
               not set up for use with LaTeX.

See the LaTeX manual or LaTeX Companion for explanation.
Type  H <return>  for immediate help.
 ...                                              
                                                  
l.154 ...� 출력하는 사용자 정의 함수입
                                                  니다. 이 함수는 //\+...

? 

! LaTeX Error: Unicode character 니 (U+B2C8)
               not set up for use with LaTeX.

See the LaTeX manual or LaTeX Companion for explanation.
Type  H <return>  for immediate help.
 ...                                              
                                                  
l.154 ...��력하는 사용자 정의 함수입니
                                                  다. 이 함수는 //\+Pri...

? 

! LaTeX Error: Unicode character 다 (U+B2E4)
               not set up for use with LaTeX.

See the LaTeX manual or LaTeX Companion for explanation.
Type  H <return>  for immediate help.
 ...                                              
                                                  
l.154 ...��하는 사용자 정의 함수입니다
                                                  . 이 함수는 //\+Print\...

? 

! LaTeX Error: Unicode character 이 (U+C774)
               not set up for use with LaTeX.

See the LaTeX manual or LaTeX Companion for explanation.
Type  H <return>  for immediate help.
 ...                                              
                                                  
l.154 ...는 사용자 정의 함수입니다. 이
                                                   함수는 //\+Print\+Lib�...

? 

! LaTeX Error: Unicode character 함 (U+D568)
               not set up for use with LaTeX.

See the LaTeX manual or LaTeX Companion for explanation.
Type  H <return>  for immediate help.
 ...                                              
                                                  
l.154 ...사용자 정의 함수입니다. 이 함
                                                  수는 //\+Print\+Lib의 /...

? 

! LaTeX Error: Unicode character 수 (U+C218)
               not set up for use with LaTeX.

See the LaTeX manual or LaTeX Companion for explanation.
Type  H <return>  for immediate help.
 ...                                              
                                                  
l.154 ...용자 정의 함수입니다. 이 함수
                                                  는 //\+Print\+Lib의 //\+...

? 

! LaTeX Error: Unicode character 는 (U+B294)
               not set up for use with LaTeX.

See the LaTeX manual or LaTeX Companion for explanation.
Type  H <return>  for immediate help.
 ...                                              
                                                  
l.154 ...자 정의 함수입니다. 이 함수는
                                                   //\+Print\+Lib의 //\+Pri...

? 

! LaTeX Error: Unicode character 의 (U+C758)
               not set up for use with LaTeX.

See the LaTeX manual or LaTeX Companion for explanation.
Type  H <return>  for immediate help.
 ...                                              
                                                  
l.154 ...��니다. 이 함수는 //\+Print\+Lib의
                                                   //\+Print() 함수와 유...

? 

! LaTeX Error: Unicode character 함 (U+D568)
               not set up for use with LaTeX.

See the LaTeX manual or LaTeX Companion for explanation.
Type  H <return>  for immediate help.
 ...                                              
                                                  
l.154 ...�수는 //\+Print\+Lib의 //\+Print() 함
                                                  수와 유사하게 작동...

? 

! LaTeX Error: Unicode character 수 (U+C218)
               not set up for use with LaTeX.

See the LaTeX manual or LaTeX Companion for explanation.
Type  H <return>  for immediate help.
 ...                                              
                                                  
l.154 ...�는 //\+Print\+Lib의 //\+Print() 함수
                                                  와 유사하게 작동하...

? 

! LaTeX Error: Unicode character 와 (U+C640)
               not set up for use with LaTeX.

See the LaTeX manual or LaTeX Companion for explanation.
Type  H <return>  for immediate help.
 ...                                              
                                                  
l.154 ...� //\+Print\+Lib의 //\+Print() 함수와
                                                   유사하게 작동하지...

? 

! LaTeX Error: Unicode character 유 (U+C720)
               not set up for use with LaTeX.

See the LaTeX manual or LaTeX Companion for explanation.
Type  H <return>  for immediate help.
 ...                                              
                                                  
l.154 ...\+Print\+Lib의 //\+Print() 함수와 유
                                                  사하게 작동하지만,...

? 

! LaTeX Error: Unicode character 사 (U+C0AC)
               not set up for use with LaTeX.

See the LaTeX manual or LaTeX Companion for explanation.
Type  H <return>  for immediate help.
 ...                                              
                                                  
l.154 ...rint\+Lib의 //\+Print() 함수와 유사
                                                  하게 작동하지만, �...

? 

! LaTeX Error: Unicode character 하 (U+D558)
               not set up for use with LaTeX.

See the LaTeX manual or LaTeX Companion for explanation.
Type  H <return>  for immediate help.
 ...                                              
                                                  
l.154 ...t\+Lib의 //\+Print() 함수와 유사하
                                                  게 작동하지만, 간�...

? 

! LaTeX Error: Unicode character 게 (U+AC8C)
               not set up for use with LaTeX.

See the LaTeX manual or LaTeX Companion for explanation.
Type  H <return>  for immediate help.
 ...                                              
                                                  
l.154 ...Lib의 //\+Print() 함수와 유사하게
                                                   작동하지만, 간단�...

? 

! LaTeX Error: Unicode character 작 (U+C791)
               not set up for use with LaTeX.

See the LaTeX manual or LaTeX Companion for explanation.
Type  H <return>  for immediate help.
 ...                                              
                                                  
l.154 ...�� //\+Print() 함수와 유사하게 작
                                                  동하지만, 간단한 �...

? 

! LaTeX Error: Unicode character 동 (U+B3D9)
               not set up for use with LaTeX.

See the LaTeX manual or LaTeX Companion for explanation.
Type  H <return>  for immediate help.
 ...                                              
                                                  
l.154 ...//\+Print() 함수와 유사하게 작동
                                                  하지만, 간단한 포�...

? 

! LaTeX Error: Unicode character 하 (U+D558)
               not set up for use with LaTeX.

See the LaTeX manual or LaTeX Companion for explanation.
Type  H <return>  for immediate help.
 ...                                              
                                                  
l.154 ...+Print() 함수와 유사하게 작동하
                                                  지만, 간단한 포맷 �...

? 

! LaTeX Error: Unicode character 지 (U+C9C0)
               not set up for use with LaTeX.

See the LaTeX manual or LaTeX Companion for explanation.
Type  H <return>  for immediate help.
 ...                                              
                                                  
l.154 ...int() 함수와 유사하게 작동하지
                                                  만, 간단한 포맷 지�...

? 

! LaTeX Error: Unicode character 만 (U+B9CC)
               not set up for use with LaTeX.

See the LaTeX manual or LaTeX Companion for explanation.
Type  H <return>  for immediate help.
 ...                                              
                                                  
l.154 ...() 함수와 유사하게 작동하지만
                                                  , 간단한 포맷 지정�...

? 

! LaTeX Error: Unicode character 간 (U+AC04)
               not set up for use with LaTeX.

See the LaTeX manual or LaTeX Companion for explanation.
Type  H <return>  for immediate help.
 ...                                              
                                                  
l.154 ...�수와 유사하게 작동하지만, 간
                                                  단한 포맷 지정자 (d...

? 

! LaTeX Error: Unicode character 단 (U+B2E8)
               not set up for use with LaTeX.

See the LaTeX manual or LaTeX Companion for explanation.
Type  H <return>  for immediate help.
 ...                                              
                                                  
l.154 ...�와 유사하게 작동하지만, 간단
                                                  한 포맷 지정자 (d, s...

? 

! LaTeX Error: Unicode character 한 (U+D55C)
               not set up for use with LaTeX.

See the LaTeX manual or LaTeX Companion for explanation.
Type  H <return>  for immediate help.
 ...                                              
                                                  
l.154 ...� 유사하게 작동하지만, 간단한
                                                   포맷 지정자 (d, s)�...

? 

! LaTeX Error: Unicode character 포 (U+D3EC)
               not set up for use with LaTeX.

See the LaTeX manual or LaTeX Companion for explanation.
Type  H <return>  for immediate help.
 ...                                              
                                                  
l.154 ...�사하게 작동하지만, 간단한 포
                                                  맷 지정자 (d, s)만 �...

? 

! LaTeX Error: Unicode character 맷 (U+B9F7)
               not set up for use with LaTeX.

See the LaTeX manual or LaTeX Companion for explanation.
Type  H <return>  for immediate help.
 ...                                              
                                                  
l.154 ...�하게 작동하지만, 간단한 포맷
                                                   지정자 (d, s)만 지�...

? 

! LaTeX Error: Unicode character 지 (U+C9C0)
               not set up for use with LaTeX.

See the LaTeX manual or LaTeX Companion for explanation.
Type  H <return>  for immediate help.
 ...                                              
                                                  
l.154 ...게 작동하지만, 간단한 포맷 지
                                                  정자 (d, s)만 지원합...

? 

! LaTeX Error: Unicode character 정 (U+C815)
               not set up for use with LaTeX.

See the LaTeX manual or LaTeX Companion for explanation.
Type  H <return>  for immediate help.
 ...                                              
                                                  
l.154 ... 작동하지만, 간단한 포맷 지정
                                                  자 (d, s)만 지원합니...

? 

! LaTeX Error: Unicode character 자 (U+C790)
               not set up for use with LaTeX.

See the LaTeX manual or LaTeX Companion for explanation.
Type  H <return>  for immediate help.
 ...                                              
                                                  
l.154 ...�동하지만, 간단한 포맷 지정자
                                                   (d, s)만 지원합니다.
? 

! LaTeX Error: Unicode character 만 (U+B9CC)
               not set up for use with LaTeX.

See the LaTeX manual or LaTeX Companion for explanation.
Type  H <return>  for immediate help.
 ...                                              
                                                  
l.154 ...만, 간단한 포맷 지정자 (d, s)만
                                                   지원합니다.
? 

! LaTeX Error: Unicode character 지 (U+C9C0)
               not set up for use with LaTeX.

See the LaTeX manual or LaTeX Companion for explanation.
Type  H <return>  for immediate help.
 ...                                              
                                                  
l.154 ... 간단한 포맷 지정자 (d, s)만 지
                                                  원합니다.
? 

! LaTeX Error: Unicode character 원 (U+C6D0)
               not set up for use with LaTeX.

See the LaTeX manual or LaTeX Companion for explanation.
Type  H <return>  for immediate help.
 ...                                              
                                                  
l.154 ...�단한 포맷 지정자 (d, s)만 지원
                                                  합니다.
? 

! LaTeX Error: Unicode character 합 (U+D569)
               not set up for use with LaTeX.

See the LaTeX manual or LaTeX Companion for explanation.
Type  H <return>  for immediate help.
 ...                                              
                                                  
l.154 ...�한 포맷 지정자 (d, s)만 지원합
                                                  니다.
? 

! LaTeX Error: Unicode character 니 (U+B2C8)
               not set up for use with LaTeX.

See the LaTeX manual or LaTeX Companion for explanation.
Type  H <return>  for immediate help.
 ...                                              
                                                  
l.154 ...� 포맷 지정자 (d, s)만 지원합니
                                                  다.
? 

! LaTeX Error: Unicode character 다 (U+B2E4)
               not set up for use with LaTeX.

See the LaTeX manual or LaTeX Companion for explanation.
Type  H <return>  for immediate help.
 ...                                              
                                                  
l.154 ...��맷 지정자 (d, s)만 지원합니다
                                                  .
? 

! LaTeX Error: Unicode character 유 (U+C720)
               not set up for use with LaTeX.

See the LaTeX manual or LaTeX Companion for explanation.
Type  H <return>  for immediate help.
 ...                                              
                                                  
l.162 \end{DoxyParams}
                      

? 

! LaTeX Error: Unicode character 니 (U+B2C8)
               not set up for use with LaTeX.

See the LaTeX manual or LaTeX Companion for explanation.
Type  H <return>  for immediate help.
 ...                                              
                                                  
l.162 \end{DoxyParams}
                      

? 

! LaTeX Error: Unicode character 코 (U+CF54)
               not set up for use with LaTeX.

See the LaTeX manual or LaTeX Companion for explanation.
Type  H <return>  for immediate help.
 ...                                              
                                                  
l.162 \end{DoxyParams}
                      

? 

! LaTeX Error: Unicode character 드 (U+B4DC)
               not set up for use with LaTeX.

See the LaTeX manual or LaTeX Companion for explanation.
Type  H <return>  for immediate help.
 ...                                              
                                                  
l.162 \end{DoxyParams}
                      

? 

! LaTeX Error: Unicode character 포 (U+D3EC)
               not set up for use with LaTeX.

See the LaTeX manual or LaTeX Companion for explanation.
Type  H <return>  for immediate help.
 ...                                              
                                                  
l.162 \end{DoxyParams}
                      

? 

! LaTeX Error: Unicode character 맷 (U+B9F7)
               not set up for use with LaTeX.

See the LaTeX manual or LaTeX Companion for explanation.
Type  H <return>  for immediate help.
 ...                                              
                                                  
l.162 \end{DoxyParams}
                      

? 

! LaTeX Error: Unicode character 문 (U+BB38)
               not set up for use with LaTeX.

See the LaTeX manual or LaTeX Companion for explanation.
Type  H <return>  for immediate help.
 ...                                              
                                                  
l.162 \end{DoxyParams}
                      

? 

! LaTeX Error: Unicode character 자 (U+C790)
               not set up for use with LaTeX.

See the LaTeX manual or LaTeX Companion for explanation.
Type  H <return>  for immediate help.
 ...                                              
                                                  
l.162 \end{DoxyParams}
                      

? 

! LaTeX Error: Unicode character 열 (U+C5F4)
               not set up for use with LaTeX.

See the LaTeX manual or LaTeX Companion for explanation.
Type  H <return>  for immediate help.
 ...                                              
                                                  
l.162 \end{DoxyParams}
                      

? 

! LaTeX Error: Unicode character 입 (U+C785)
               not set up for use with LaTeX.

See the LaTeX manual or LaTeX Companion for explanation.
Type  H <return>  for immediate help.
 ...                                              
                                                  
l.162 \end{DoxyParams}
                      

? 

! LaTeX Error: Unicode character 니 (U+B2C8)
               not set up for use with LaTeX.

See the LaTeX manual or LaTeX Companion for explanation.
Type  H <return>  for immediate help.
 ...                                              
                                                  
l.162 \end{DoxyParams}
                      

? 

! LaTeX Error: Unicode character 다 (U+B2E4)
               not set up for use with LaTeX.

See the LaTeX manual or LaTeX Companion for explanation.
Type  H <return>  for immediate help.
 ...                                              
                                                  
l.162 \end{DoxyParams}
                      

? 

! LaTeX Error: Unicode character 예 (U+C608)
               not set up for use with LaTeX.

See the LaTeX manual or LaTeX Companion for explanation.
Type  H <return>  for immediate help.
 ...                                              
                                                  
l.162 \end{DoxyParams}
                      

? 

! LaTeX Error: Unicode character 포 (U+D3EC)
               not set up for use with LaTeX.

See the LaTeX manual or LaTeX Companion for explanation.
Type  H <return>  for immediate help.
 ...                                              
                                                  
l.162 \end{DoxyParams}
                      

? 

! LaTeX Error: Unicode character 맷 (U+B9F7)
               not set up for use with LaTeX.

See the LaTeX manual or LaTeX Companion for explanation.
Type  H <return>  for immediate help.
 ...                                              
                                                  
l.162 \end{DoxyParams}
                      

? 

! LaTeX Error: Unicode character 문 (U+BB38)
               not set up for use with LaTeX.

See the LaTeX manual or LaTeX Companion for explanation.
Type  H <return>  for immediate help.
 ...                                              
                                                  
l.162 \end{DoxyParams}
                      

? 

! LaTeX Error: Unicode character 자 (U+C790)
               not set up for use with LaTeX.

See the LaTeX manual or LaTeX Companion for explanation.
Type  H <return>  for immediate help.
 ...                                              
                                                  
l.162 \end{DoxyParams}
                      

? 

! LaTeX Error: Unicode character 열 (U+C5F4)
               not set up for use with LaTeX.

See the LaTeX manual or LaTeX Companion for explanation.
Type  H <return>  for immediate help.
 ...                                              
                                                  
l.162 \end{DoxyParams}
                      

? 

! LaTeX Error: Unicode character 에 (U+C5D0)
               not set up for use with LaTeX.

See the LaTeX manual or LaTeX Companion for explanation.
Type  H <return>  for immediate help.
 ...                                              
                                                  
l.162 \end{DoxyParams}
                      

? 

! LaTeX Error: Unicode character 해 (U+D574)
               not set up for use with LaTeX.

See the LaTeX manual or LaTeX Companion for explanation.
Type  H <return>  for immediate help.
 ...                                              
                                                  
l.162 \end{DoxyParams}
                      

? 

! LaTeX Error: Unicode character 당 (U+B2F9)
               not set up for use with LaTeX.

See the LaTeX manual or LaTeX Companion for explanation.
Type  H <return>  for immediate help.
 ...                                              
                                                  
l.162 \end{DoxyParams}
                      

? 

! LaTeX Error: Unicode character 하 (U+D558)
               not set up for use with LaTeX.

See the LaTeX manual or LaTeX Companion for explanation.
Type  H <return>  for immediate help.
 ...                                              
                                                  
l.162 \end{DoxyParams}
                      

? 

! LaTeX Error: Unicode character 는 (U+B294)
               not set up for use with LaTeX.

See the LaTeX manual or LaTeX Companion for explanation.
Type  H <return>  for immediate help.
 ...                                              
                                                  
l.162 \end{DoxyParams}
                      

? 

! LaTeX Error: Unicode character 가 (U+AC00)
               not set up for use with LaTeX.

See the LaTeX manual or LaTeX Companion for explanation.
Type  H <return>  for immediate help.
 ...                                              
                                                  
l.162 \end{DoxyParams}
                      

? 

! LaTeX Error: Unicode character 변 (U+BCC0)
               not set up for use with LaTeX.

See the LaTeX manual or LaTeX Companion for explanation.
Type  H <return>  for immediate help.
 ...                                              
                                                  
l.162 \end{DoxyParams}
                      

? 

! LaTeX Error: Unicode character 인 (U+C778)
               not set up for use with LaTeX.

See the LaTeX manual or LaTeX Companion for explanation.
Type  H <return>  for immediate help.
 ...                                              
                                                  
l.162 \end{DoxyParams}
                      

? 

! LaTeX Error: Unicode character 자 (U+C790)
               not set up for use with LaTeX.

See the LaTeX manual or LaTeX Companion for explanation.
Type  H <return>  for immediate help.
 ...                                              
                                                  
l.162 \end{DoxyParams}
                      

? 

! LaTeX Error: Unicode character 들 (U+B4E4)
               not set up for use with LaTeX.

See the LaTeX manual or LaTeX Companion for explanation.
Type  H <return>  for immediate help.
 ...                                              
                                                  
l.162 \end{DoxyParams}
                      

? 

! LaTeX Error: Unicode character 입 (U+C785)
               not set up for use with LaTeX.

See the LaTeX manual or LaTeX Companion for explanation.
Type  H <return>  for immediate help.
 ...                                              
                                                  
l.162 \end{DoxyParams}
                      

? 

! LaTeX Error: Unicode character 니 (U+B2C8)
               not set up for use with LaTeX.

See the LaTeX manual or LaTeX Companion for explanation.
Type  H <return>  for immediate help.
 ...                                              
                                                  
l.162 \end{DoxyParams}
                      

? 

! LaTeX Error: Unicode character 다 (U+B2E4)
               not set up for use with LaTeX.

See the LaTeX manual or LaTeX Companion for explanation.
Type  H <return>  for immediate help.
 ...                                              
                                                  
l.162 \end{DoxyParams}
                      

? 

! LaTeX Error: Unicode character 유 (U+C720)
               not set up for use with LaTeX.

See the LaTeX manual or LaTeX Companion for explanation.
Type  H <return>  for immediate help.
 ...                                              
                                                  
l.162 \end{DoxyParams}
                      

? 

! LaTeX Error: Unicode character 니 (U+B2C8)
               not set up for use with LaTeX.

See the LaTeX manual or LaTeX Companion for explanation.
Type  H <return>  for immediate help.
 ...                                              
                                                  
l.162 \end{DoxyParams}
                      

? 

! LaTeX Error: Unicode character 코 (U+CF54)
               not set up for use with LaTeX.

See the LaTeX manual or LaTeX Companion for explanation.
Type  H <return>  for immediate help.
 ...                                              
                                                  
l.162 \end{DoxyParams}
                      

? 

! LaTeX Error: Unicode character 드 (U+B4DC)
               not set up for use with LaTeX.

See the LaTeX manual or LaTeX Companion for explanation.
Type  H <return>  for immediate help.
 ...                                              
                                                  
l.162 \end{DoxyParams}
                      

? 

! LaTeX Error: Unicode character 포 (U+D3EC)
               not set up for use with LaTeX.

See the LaTeX manual or LaTeX Companion for explanation.
Type  H <return>  for immediate help.
 ...                                              
                                                  
l.162 \end{DoxyParams}
                      

? 

! LaTeX Error: Unicode character 맷 (U+B9F7)
               not set up for use with LaTeX.

See the LaTeX manual or LaTeX Companion for explanation.
Type  H <return>  for immediate help.
 ...                                              
                                                  
l.162 \end{DoxyParams}
                      

? 

! LaTeX Error: Unicode character 문 (U+BB38)
               not set up for use with LaTeX.

See the LaTeX manual or LaTeX Companion for explanation.
Type  H <return>  for immediate help.
 ...                                              
                                                  
l.162 \end{DoxyParams}
                      

? 

! LaTeX Error: Unicode character 자 (U+C790)
               not set up for use with LaTeX.

See the LaTeX manual or LaTeX Companion for explanation.
Type  H <return>  for immediate help.
 ...                                              
                                                  
l.162 \end{DoxyParams}
                      

? 

! LaTeX Error: Unicode character 열 (U+C5F4)
               not set up for use with LaTeX.

See the LaTeX manual or LaTeX Companion for explanation.
Type  H <return>  for immediate help.
 ...                                              
                                                  
l.162 \end{DoxyParams}
                      

? 

! LaTeX Error: Unicode character 입 (U+C785)
               not set up for use with LaTeX.

See the LaTeX manual or LaTeX Companion for explanation.
Type  H <return>  for immediate help.
 ...                                              
                                                  
l.162 \end{DoxyParams}
                      

? 

! LaTeX Error: Unicode character 니 (U+B2C8)
               not set up for use with LaTeX.

See the LaTeX manual or LaTeX Companion for explanation.
Type  H <return>  for immediate help.
 ...                                              
                                                  
l.162 \end{DoxyParams}
                      

? 

! LaTeX Error: Unicode character 다 (U+B2E4)
               not set up for use with LaTeX.

See the LaTeX manual or LaTeX Companion for explanation.
Type  H <return>  for immediate help.
 ...                                              
                                                  
l.162 \end{DoxyParams}
                      

? 

! LaTeX Error: Unicode character 예 (U+C608)
               not set up for use with LaTeX.

See the LaTeX manual or LaTeX Companion for explanation.
Type  H <return>  for immediate help.
 ...                                              
                                                  
l.162 \end{DoxyParams}
                      

? 

! LaTeX Error: Unicode character 포 (U+D3EC)
               not set up for use with LaTeX.

See the LaTeX manual or LaTeX Companion for explanation.
Type  H <return>  for immediate help.
 ...                                              
                                                  
l.162 \end{DoxyParams}
                      

? 

! LaTeX Error: Unicode character 맷 (U+B9F7)
               not set up for use with LaTeX.

See the LaTeX manual or LaTeX Companion for explanation.
Type  H <return>  for immediate help.
 ...                                              
                                                  
l.162 \end{DoxyParams}
                      

? 

! LaTeX Error: Unicode character 문 (U+BB38)
               not set up for use with LaTeX.

See the LaTeX manual or LaTeX Companion for explanation.
Type  H <return>  for immediate help.
 ...                                              
                                                  
l.162 \end{DoxyParams}
                      

? 

! LaTeX Error: Unicode character 자 (U+C790)
               not set up for use with LaTeX.

See the LaTeX manual or LaTeX Companion for explanation.
Type  H <return>  for immediate help.
 ...                                              
                                                  
l.162 \end{DoxyParams}
                      

? 

! LaTeX Error: Unicode character 열 (U+C5F4)
               not set up for use with LaTeX.

See the LaTeX manual or LaTeX Companion for explanation.
Type  H <return>  for immediate help.
 ...                                              
                                                  
l.162 \end{DoxyParams}
                      

? 

! LaTeX Error: Unicode character 에 (U+C5D0)
               not set up for use with LaTeX.

See the LaTeX manual or LaTeX Companion for explanation.
Type  H <return>  for immediate help.
 ...                                              
                                                  
l.162 \end{DoxyParams}
                      

? 

! LaTeX Error: Unicode character 해 (U+D574)
               not set up for use with LaTeX.

See the LaTeX manual or LaTeX Companion for explanation.
Type  H <return>  for immediate help.
 ...                                              
                                                  
l.162 \end{DoxyParams}
                      

? 

! LaTeX Error: Unicode character 당 (U+B2F9)
               not set up for use with LaTeX.

See the LaTeX manual or LaTeX Companion for explanation.
Type  H <return>  for immediate help.
 ...                                              
                                                  
l.162 \end{DoxyParams}
                      

? 

! LaTeX Error: Unicode character 하 (U+D558)
               not set up for use with LaTeX.

See the LaTeX manual or LaTeX Companion for explanation.
Type  H <return>  for immediate help.
 ...                                              
                                                  
l.162 \end{DoxyParams}
                      

? 

! LaTeX Error: Unicode character 는 (U+B294)
               not set up for use with LaTeX.

See the LaTeX manual or LaTeX Companion for explanation.
Type  H <return>  for immediate help.
 ...                                              
                                                  
l.162 \end{DoxyParams}
                      

? 

! LaTeX Error: Unicode character 가 (U+AC00)
               not set up for use with LaTeX.

See the LaTeX manual or LaTeX Companion for explanation.
Type  H <return>  for immediate help.
 ...                                              
                                                  
l.162 \end{DoxyParams}
                      

? 

! LaTeX Error: Unicode character 변 (U+BCC0)
               not set up for use with LaTeX.

See the LaTeX manual or LaTeX Companion for explanation.
Type  H <return>  for immediate help.
 ...                                              
                                                  
l.162 \end{DoxyParams}
                      

? 

! LaTeX Error: Unicode character 인 (U+C778)
               not set up for use with LaTeX.

See the LaTeX manual or LaTeX Companion for explanation.
Type  H <return>  for immediate help.
 ...                                              
                                                  
l.162 \end{DoxyParams}
                      

? 

! LaTeX Error: Unicode character 자 (U+C790)
               not set up for use with LaTeX.

See the LaTeX manual or LaTeX Companion for explanation.
Type  H <return>  for immediate help.
 ...                                              
                                                  
l.162 \end{DoxyParams}
                      

? 

! LaTeX Error: Unicode character 들 (U+B4E4)
               not set up for use with LaTeX.

See the LaTeX manual or LaTeX Companion for explanation.
Type  H <return>  for immediate help.
 ...                                              
                                                  
l.162 \end{DoxyParams}
                      

? 

! LaTeX Error: Unicode character 입 (U+C785)
               not set up for use with LaTeX.

See the LaTeX manual or LaTeX Companion for explanation.
Type  H <return>  for immediate help.
 ...                                              
                                                  
l.162 \end{DoxyParams}
                      

? 

! LaTeX Error: Unicode character 니 (U+B2C8)
               not set up for use with LaTeX.

See the LaTeX manual or LaTeX Companion for explanation.
Type  H <return>  for immediate help.
 ...                                              
                                                  
l.162 \end{DoxyParams}
                      

? 

! LaTeX Error: Unicode character 다 (U+B2E4)
               not set up for use with LaTeX.

See the LaTeX manual or LaTeX Companion for explanation.
Type  H <return>  for immediate help.
 ...                                              
                                                  
l.162 \end{DoxyParams}
                      

? 

! LaTeX Error: Unicode character 유 (U+C720)
               not set up for use with LaTeX.

See the LaTeX manual or LaTeX Companion for explanation.
Type  H <return>  for immediate help.
 ...                                              
                                                  
l.162 \end{DoxyParams}
                      

? 

! LaTeX Error: Unicode character 니 (U+B2C8)
               not set up for use with LaTeX.

See the LaTeX manual or LaTeX Companion for explanation.
Type  H <return>  for immediate help.
 ...                                              
                                                  
l.162 \end{DoxyParams}
                      

? 

! LaTeX Error: Unicode character 코 (U+CF54)
               not set up for use with LaTeX.

See the LaTeX manual or LaTeX Companion for explanation.
Type  H <return>  for immediate help.
 ...                                              
                                                  
l.162 \end{DoxyParams}
                      

? 

! LaTeX Error: Unicode character 드 (U+B4DC)
               not set up for use with LaTeX.

See the LaTeX manual or LaTeX Companion for explanation.
Type  H <return>  for immediate help.
 ...                                              
                                                  
l.162 \end{DoxyParams}
                      

? 

! LaTeX Error: Unicode character 포 (U+D3EC)
               not set up for use with LaTeX.

See the LaTeX manual or LaTeX Companion for explanation.
Type  H <return>  for immediate help.
 ...                                              
                                                  
l.162 \end{DoxyParams}
                      

? 

! LaTeX Error: Unicode character 맷 (U+B9F7)
               not set up for use with LaTeX.

See the LaTeX manual or LaTeX Companion for explanation.
Type  H <return>  for immediate help.
 ...                                              
                                                  
l.162 \end{DoxyParams}
                      

? 

! LaTeX Error: Unicode character 문 (U+BB38)
               not set up for use with LaTeX.

See the LaTeX manual or LaTeX Companion for explanation.
Type  H <return>  for immediate help.
 ...                                              
                                                  
l.162 \end{DoxyParams}
                      

? 

! LaTeX Error: Unicode character 자 (U+C790)
               not set up for use with LaTeX.

See the LaTeX manual or LaTeX Companion for explanation.
Type  H <return>  for immediate help.
 ...                                              
                                                  
l.162 \end{DoxyParams}
                      

? 

! LaTeX Error: Unicode character 열 (U+C5F4)
               not set up for use with LaTeX.

See the LaTeX manual or LaTeX Companion for explanation.
Type  H <return>  for immediate help.
 ...                                              
                                                  
l.162 \end{DoxyParams}
                      

? 

! LaTeX Error: Unicode character 입 (U+C785)
               not set up for use with LaTeX.

See the LaTeX manual or LaTeX Companion for explanation.
Type  H <return>  for immediate help.
 ...                                              
                                                  
l.162 \end{DoxyParams}
                      

? 

! LaTeX Error: Unicode character 니 (U+B2C8)
               not set up for use with LaTeX.

See the LaTeX manual or LaTeX Companion for explanation.
Type  H <return>  for immediate help.
 ...                                              
                                                  
l.162 \end{DoxyParams}
                      

? 

! LaTeX Error: Unicode character 다 (U+B2E4)
               not set up for use with LaTeX.

See the LaTeX manual or LaTeX Companion for explanation.
Type  H <return>  for immediate help.
 ...                                              
                                                  
l.162 \end{DoxyParams}
                      

? 

! LaTeX Error: Unicode character 예 (U+C608)
               not set up for use with LaTeX.

See the LaTeX manual or LaTeX Companion for explanation.
Type  H <return>  for immediate help.
 ...                                              
                                                  
l.162 \end{DoxyParams}
                      

? 

! LaTeX Error: Unicode character 포 (U+D3EC)
               not set up for use with LaTeX.

See the LaTeX manual or LaTeX Companion for explanation.
Type  H <return>  for immediate help.
 ...                                              
                                                  
l.162 \end{DoxyParams}
                      

? 

! LaTeX Error: Unicode character 맷 (U+B9F7)
               not set up for use with LaTeX.

See the LaTeX manual or LaTeX Companion for explanation.
Type  H <return>  for immediate help.
 ...                                              
                                                  
l.162 \end{DoxyParams}
                      

? 

! LaTeX Error: Unicode character 문 (U+BB38)
               not set up for use with LaTeX.

See the LaTeX manual or LaTeX Companion for explanation.
Type  H <return>  for immediate help.
 ...                                              
                                                  
l.162 \end{DoxyParams}
                      

? 

! LaTeX Error: Unicode character 자 (U+C790)
               not set up for use with LaTeX.

See the LaTeX manual or LaTeX Companion for explanation.
Type  H <return>  for immediate help.
 ...                                              
                                                  
l.162 \end{DoxyParams}
                      

? 

! LaTeX Error: Unicode character 열 (U+C5F4)
               not set up for use with LaTeX.

See the LaTeX manual or LaTeX Companion for explanation.
Type  H <return>  for immediate help.
 ...                                              
                                                  
l.162 \end{DoxyParams}
                      

? 

! LaTeX Error: Unicode character 에 (U+C5D0)
               not set up for use with LaTeX.

See the LaTeX manual or LaTeX Companion for explanation.
Type  H <return>  for immediate help.
 ...                                              
                                                  
l.162 \end{DoxyParams}
                      

? 

! LaTeX Error: Unicode character 해 (U+D574)
               not set up for use with LaTeX.

See the LaTeX manual or LaTeX Companion for explanation.
Type  H <return>  for immediate help.
 ...                                              
                                                  
l.162 \end{DoxyParams}
                      

? 

! LaTeX Error: Unicode character 당 (U+B2F9)
               not set up for use with LaTeX.

See the LaTeX manual or LaTeX Companion for explanation.
Type  H <return>  for immediate help.
 ...                                              
                                                  
l.162 \end{DoxyParams}
                      

? 

! LaTeX Error: Unicode character 하 (U+D558)
               not set up for use with LaTeX.

See the LaTeX manual or LaTeX Companion for explanation.
Type  H <return>  for immediate help.
 ...                                              
                                                  
l.162 \end{DoxyParams}
                      

? 

! LaTeX Error: Unicode character 는 (U+B294)
               not set up for use with LaTeX.

See the LaTeX manual or LaTeX Companion for explanation.
Type  H <return>  for immediate help.
 ...                                              
                                                  
l.162 \end{DoxyParams}
                      

? 

! LaTeX Error: Unicode character 가 (U+AC00)
               not set up for use with LaTeX.

See the LaTeX manual or LaTeX Companion for explanation.
Type  H <return>  for immediate help.
 ...                                              
                                                  
l.162 \end{DoxyParams}
                      

? 

! LaTeX Error: Unicode character 변 (U+BCC0)
               not set up for use with LaTeX.

See the LaTeX manual or LaTeX Companion for explanation.
Type  H <return>  for immediate help.
 ...                                              
                                                  
l.162 \end{DoxyParams}
                      

? 

! LaTeX Error: Unicode character 인 (U+C778)
               not set up for use with LaTeX.

See the LaTeX manual or LaTeX Companion for explanation.
Type  H <return>  for immediate help.
 ...                                              
                                                  
l.162 \end{DoxyParams}
                      

? 

! LaTeX Error: Unicode character 자 (U+C790)
               not set up for use with LaTeX.

See the LaTeX manual or LaTeX Companion for explanation.
Type  H <return>  for immediate help.
 ...                                              
                                                  
l.162 \end{DoxyParams}
                      

? 

! LaTeX Error: Unicode character 들 (U+B4E4)
               not set up for use with LaTeX.

See the LaTeX manual or LaTeX Companion for explanation.
Type  H <return>  for immediate help.
 ...                                              
                                                  
l.162 \end{DoxyParams}
                      

? 

! LaTeX Error: Unicode character 입 (U+C785)
               not set up for use with LaTeX.

See the LaTeX manual or LaTeX Companion for explanation.
Type  H <return>  for immediate help.
 ...                                              
                                                  
l.162 \end{DoxyParams}
                      

? 

! LaTeX Error: Unicode character 니 (U+B2C8)
               not set up for use with LaTeX.

See the LaTeX manual or LaTeX Companion for explanation.
Type  H <return>  for immediate help.
 ...                                              
                                                  
l.162 \end{DoxyParams}
                      

? 
! Interruption.
\GenericError  ...                                
                                                  \endgroup 
l.162 \end{DoxyParams}
                      

? 

! LaTeX Error: Unicode character 다 (U+B2E4)
               not set up for use with LaTeX.

See the LaTeX manual or LaTeX Companion for explanation.
Type  H <return>  for immediate help.
 ...                                              
                                                  
l.162 \end{DoxyParams}
                      

? 
! Interruption.
\GenericError  ...                                
                                                  \endgroup 
l.162 \end{DoxyParams}
                      

? 

Package longtable Warning: Column widths have changed
(longtable)                in table 10.1 on input line 162.


! LaTeX Error: Unicode character 출 (U+CD9C)
               not set up for use with LaTeX.

See the LaTeX manual or LaTeX Companion for explanation.
Type  H <return>  for immediate help.
 ...                                              
                                                  
l.167 \end{DoxyRetVals}
                       

? 
! Emergency stop.
 ...                                              
                                                  
l.167 \end{DoxyRetVals}
                       

You may provide a definition with
\DeclareUnicodeCharacter 

 
Here is how much of TeX's memory you used:
 20354 strings out of 476182
 364200 string characters out of 5795595
 1990975 words of memory out of 5000000
 40400 multiletter control sequences out of 15000+600000
 612931 words of font info for 105 fonts, out of 8000000 for 9000
 14 hyphenation exceptions out of 8191
 101i,16n,117p,925b,747s stack positions out of 10000i,1000n,20000p,200000b,200000s
!  ==> Fatal error occurred, no output PDF file produced!
